track_id_stable,Zach,Bryce,Maggie,Jamie,Featured Artist,Duration,Release Date,Popularity,Album,Artist,Song
Lookin' for LoveOld Dominion,100,,,,,210120,9/6/24 0:00,37,Odies But Goodies,Old Dominion,Lookin' for Love
Nonsense (with Coi Leray) - RemixSabrina Carpenter,,100,,,Coi Leray,175648,3/23/23 0:00,38,,Sabrina Carpenter,Nonsense (with Coi Leray) - Remix
You've Got The LoveFlorence + The Machine,,,100,,,168666,1/1/09 0:00,60,Lungs (Deluxe Edition),Florence + The Machine,You've Got The Love
Soak Up The SunSheryl Crow,,,,100,,292306,4/8/02 0:00,57,"C'Mon, C'Mon",Sheryl Crow,Soak Up The Sun
Edge of the EarthThe Beaches,99,,,,,160244,5/5/23 0:00,57,Blame My Ex,The Beaches,Edge of the Earth
White HorseChris Stapleton,42,99,,,,267893,7/21/23 0:00,72,Higher,Chris Stapleton,White Horse
Us Against the WorldPlay,,,99,,,222000,1/7/02 0:00,41,Us Against The World,Play,Us Against the World
The Black DogTaylor Swift,,,,99,,238857,4/19/24 0:00,68,THE TORTURED POETS DEPARTMENT: THE ANTHOLOGY,Taylor Swift,The Black Dog
ReligiouslyBailey Zimmerman,98,,,,,178723,1/11/23 0:00,73,Religiously. The Album.,Bailey Zimmerman,Religiously
"Check Yes, JulietWe The Kings",,98,,,,220146,10/7/07 0:00,66,We The Kings,We The Kings,"Check Yes, Juliet"
I Can See You (Taylor’s Version) (From The Vault)Taylor Swift,,,98,,,273186,7/7/23 0:00,67,Speak Now (Taylor's Version),Taylor Swift,I Can See You (Taylor’s Version) (From The Vault)
Bad BloodTrousdale,,,,98,,165764,3/31/23 0:00,32,Out Of My Mind,Trousdale,Bad Blood
EspressoSabrina Carpenter,97,,33,22,,175459,4/11/24 0:00,84,Short n' Sweet,Sabrina Carpenter,Espresso
J'me tireGIMS,,97,,,,249866,12/2/13 0:00,63,Subliminal (La face cachée),GIMS,J'me tire
Could You Be LovedBob Marley & The Wailers,,,97,,,237000,6/10/80 0:00,77,Uprising,Bob Marley & The Wailers,Could You Be Loved
All My LoveNoah Kahan,,,,97,,251510,10/14/22 0:00,73,Stick Season,Noah Kahan,All My Love
Dial Drunk (with Post Malone)Noah Kahan,96,,,,Post Malone,213817,7/18/23 0:00,74,Stick Season (Forever),Noah Kahan,Dial Drunk (with Post Malone)
ClementineYung Gravy,,96,,,,164410,5/10/24 0:00,40,Serving Country,Yung Gravy,Clementine
LandslideThe Chicks,,,96,,,230549,8/27/02 0:00,60,Home,The Chicks,Landslide
Ex-WivesSIX,,,,96,,350218,8/31/18 0:00,58,Six: The Musical (Studio Cast Recording),SIX,Ex-Wives
Hits DifferentTaylor Swift,95,,,,,234466,5/26/23 0:00,67,Midnights (The Til Dawn Edition),Taylor Swift,Hits Different
Powerful WomenPitbull,,95,,,Dolly Parton,165619,2/15/24 0:00,51,Trackhouse (Daytona 500 Edition),Pitbull,Powerful Women
If It Makes You HappySheryl Crow,,,95,,,323400,1/1/96 0:00,60,Sheryl Crow,Sheryl Crow,If It Makes You Happy
Don’t SmileSabrina Carpenter,,,,95,,206295,8/23/24 0:00,72,Short n' Sweet,Sabrina Carpenter,Don’t Smile
Snap Out Of ItArctic Monkeys,94,,,,,193030,9/9/13 0:00,73,AM,Arctic Monkeys,Snap Out Of It
RosesThe Chainsmokers,,94,,,ROZES,226738,6/16/15 0:00,73,,The Chainsmokers,Roses
Do You Believe in Magic?The Lovin' Spoonful,,,94,,,125826,11/1/65 0:00,60,Do you Believe In Magic,The Lovin' Spoonful,Do You Believe in Magic?
Silver LiningMt. Joy,,,,94,,199827,11/2/17 0:00,71,Mt. Joy,Mt. Joy,Silver Lining
The Craving (Jenna's version)Twenty One Pilots,93,,,,,174133,5/24/24 0:00,58,Clancy,Twenty One Pilots,The Craving (Jenna's version)
Superman (It's Not Easy)Five For Fighting,,93,,,,221693,9/26/00 0:00,62,America Town,Five For Fighting,Superman (It's Not Easy)
When Will I See You AgainThe Three Degrees,,,93,,,178746,1/1/73 0:00,55,The Three Degrees,The Three Degrees,When Will I See You Again
Baby Now That I've Found You - MonoThe Foundations,,,,93,,158266,1/1/67 0:00,52,Baby Now That I've Found You,The Foundations,Baby Now That I've Found You - Mono
SaturnSZA,92,,,,,186191,2/22/24 0:00,78,SOS Deluxe: LANA,SZA,Saturn
Don't Dream It's OverCrowded House,,92,,,,236933,1/1/86 0:00,76,Crowded House,Crowded House,Don't Dream It's Over
Bad Time - Remastered 2002Grand Funk Railroad,,,92,,,175360,12/1/74 0:00,42,All The Girls In The World Beware!!! (Remastered),Grand Funk Railroad,Bad Time - Remastered 2002
T-Shirt WeatherCirca Waves,,,,92,,192120,2/23/15 0:00,57,Young Chasers (Deluxe),Circa Waves,T-Shirt Weather
Me To MeMorgan Wallen,91,,,,,138958,3/3/23 0:00,58,One Thing At A Time,Morgan Wallen,Me To Me
My Own Worst EnemyLit,,91,,,,169026,2/22/99 0:00,69,A Place In The Sun,Lit,My Own Worst Enemy
After MidnightChappell Roan,,,91,,,204857,9/21/23 0:00,70,The Rise and Fall of a Midwest Princess,Chappell Roan,After Midnight
Smart IowaTrousdale,,,,91,,198671,7/21/23 0:00,25,Out Of My Mind,Trousdale,Smart Iowa
Ain’t How It EndsPost Malone,90,,,,,201961,8/16/24 0:00,56,F-1 Trillion: Long Bed,Post Malone,Ain’t How It Ends
OvertimeZach Bryan,,90,,,,190946,8/25/23 0:00,59,Zach Bryan,Zach Bryan,Overtime
Valerie (feat. Amy Winehouse) - Version RevisitedMark Ronson,,,90,,Amy Winehouse,219413,4/16/07 0:00,76,Version,Mark Ronson,Valerie (feat. Amy Winehouse) - Version Revisited
Real Love BabyFather John Misty,,,,90,,189293,7/26/16 0:00,73,,Father John Misty,Real Love Baby
Deeper WellKacey Musgraves,89,,,,,232133,3/15/24 0:00,61,Deeper Well,Kacey Musgraves,Deeper Well
Yeah! (feat. Lil Jon & Ludacris)USHER,,89,,,Lil Jon,250373,3/23/04 0:00,80,Confessions (Expanded Edition),USHER,Yeah! (feat. Lil Jon & Ludacris)
Ghost TownKanye West,,,89,,PARTYNEXTDOOR,271386,6/1/18 0:00,74,ye,Kanye West,Ghost Town
Cigarette DaydreamsCage The Elephant,,,69,89,,208760,10/8/13 0:00,75,Melophobia,Cage The Elephant,Cigarette Daydreams
SaraDarius Rucker,88,,,,,219866,10/6/23 0:00,24,Carolyn's Boy,Darius Rucker,Sara
screenHARDY,,88,,,,227951,1/20/23 0:00,41,the mockingbird & THE CROW,HARDY,screen
Forget You (feat. Gwyneth Paltrow)Glee Cast,,,88,,Gwyneth Paltrow,221360,11/26/10 0:00,44,"Glee: The Music, Volume 4",Glee Cast,Forget You (feat. Gwyneth Paltrow)
Slow BurnKacey Musgraves,,,,88,,246133,3/30/18 0:00,63,Golden Hour,Kacey Musgraves,Slow Burn
Backseat DriverKane Brown,87,,,,,228066,10/11/24 0:00,63,The High Road,Kane Brown,Backseat Driver
MontanaPierce Edens,,87,,,,309734,6/29/12 0:00,31,Pierce Edens,Pierce Edens,Montana
Keep the Customer SatisfiedSimon & Garfunkel,,,87,,,155373,1/26/70 0:00,42,Bridge Over Troubled Water,Simon & Garfunkel,Keep the Customer Satisfied
Close To YouGracie Abrams,,,,87,,225973,6/20/24 0:00,79,The Secret of Us,Gracie Abrams,Close To You
Goes Without Saying (Feat. Brad Paisley)Post Malone,86,,,,Brad Paisley,212353,8/15/24 0:00,57,F-1 Trillion,Post Malone,Goes Without Saying (Feat. Brad Paisley)
East Side of SorrowZach Bryan,,86,,,,209320,8/25/23 0:00,66,Zach Bryan,Zach Bryan,East Side of Sorrow
ShakeJesse McCartney,,,86,,,188560,9/12/10 0:00,38,,Jesse McCartney,Shake
Fair GameDayglow,,,,86,,262500,11/14/19 0:00,39,Fuzzybrain,Dayglow,Fair Game
Every Night Every MorningMaddie & Tae,85,,,,,198000,6/24/22 0:00,48,Through The Madness Vol. 2,Maddie & Tae,Every Night Every Morning
AmericanMacklemore,,85,,,,253640,1/5/10 0:00,32,,Macklemore,American
Tenth Avenue Freeze-OutBruce Springsteen,,,85,,,190466,8/25/75 0:00,47,Born To Run,Bruce Springsteen,Tenth Avenue Freeze-Out
Rolling in the DeepAdele,,,,85,,228093,1/17/11 0:00,73,21,Adele,Rolling in the Deep
II MOST WANTEDBeyoncé,84,,,,Miley Cyrus,208521,3/27/24 0:00,64,COWBOY CARTER,Beyoncé,II MOST WANTED
DoughKey Glock,,84,,,,198866,1/31/20 0:00,63,Yellow Tape,Key Glock,Dough
Rather Be (feat. Jess Glynne)Clean Bandit,,,84,,Jess Glynne,227833,1/17/14 0:00,68,New Eyes,Clean Bandit,Rather Be (feat. Jess Glynne)
Movie StarTrousdale,,,,84,,220212,4/27/23 0:00,34,Out Of My Mind,Trousdale,Movie Star
Whiskey On YouNate Smith,83,,,,,183786,5/6/22 0:00,68,NATE SMITH (DELUXE),Nate Smith,Whiskey On You
ResteGIMS,,83,,,Sting,231520,4/26/19 0:00,38,Ceinture noire (Transcendance),GIMS,Reste
Come Back...Be Here (Taylor's Version)Taylor Swift,,,83,,,223333,11/12/21 0:00,61,Red (Taylor's Version),Taylor Swift,Come Back...Be Here (Taylor's Version)
Blowing SmokeGracie Abrams,,,,83,,232280,6/20/24 0:00,69,The Secret of Us,Gracie Abrams,Blowing Smoke
TasteSabrina Carpenter,82,,,61,,157279,8/23/24 0:00,86,Short n' Sweet,Sabrina Carpenter,Taste
HAPPY HOUR (feat. Knox)HARDY,76,82,,,Knox,161352,7/12/24 0:00,47,Quit!!,HARDY,HAPPY HOUR (feat. Knox)
If I Can't Have YouYvonne Elliman,,,82,,,177960,11/15/77 0:00,57,Night Flight,Yvonne Elliman,If I Can't Have You
The KillMaggie Rogers,,,,82,,251600,4/12/24 0:00,56,Don't Forget Me,Maggie Rogers,The Kill
She Won't Be Lonely LongClay Walker,81,,,,,209253,6/8/10 0:00,63,She Won't Be Lonely Long,Clay Walker,She Won't Be Lonely Long
I'm Different2 Chainz,,81,,,,207040,1/1/12 0:00,53,Based On A T.R.U. Story (Deluxe),2 Chainz,I'm Different
This Is ItTrousdale,,,81,,,195157,7/16/21 0:00,27,,Trousdale,This Is It
CoincidenceSabrina Carpenter,,,,81,,164202,8/23/24 0:00,73,Short n' Sweet,Sabrina Carpenter,Coincidence
NumbLinkin Park,80,,,,,187520,3/25/03 0:00,82,Meteora,Linkin Park,Numb
DirtKey Glock,,80,,,,199293,2/22/23 0:00,44,Glockoma 2,Key Glock,Dirt
Rich GirlDaryl Hall & John Oates,,,80,,,142786,8/1/76 0:00,74,Bigger Than Both Of Us,Daryl Hall & John Oates,Rich Girl
I'll Be WaitingAdele,,,,80,,241351,1/24/11 0:00,47,21,Adele,I'll Be Waiting
You For A ReasonWarren Zeiders,79,,,,,183133,10/18/24 0:00,64,,Warren Zeiders,You For A Reason
emo girl (feat. WILLOW)mgk,,79,,,WILLOW,159096,3/25/22 0:00,58,mainstream sellout,mgk,emo girl (feat. WILLOW)
There She GoesThe La's,,,79,,,162186,1/1/90 0:00,70,The La's,The La's,There She Goes
SnowshoesCaamp,,,,79,,204560,6/24/22 0:00,60,Lavender Days,Caamp,Snowshoes
Right About YouPost Malone,78,,,,,183046,8/15/24 0:00,53,F-1 Trillion,Post Malone,Right About You
Mon coeur avait raison - Pilule bleueGIMS,,78,,,,242586,8/28/15 0:00,47,Mon coeur avait raison,GIMS,Mon coeur avait raison - Pilule bleue
Diet PepsiAddison Rae,,,78,,,169697,8/9/24 0:00,80,,Addison Rae,Diet Pepsi
Come Down SoonLizzy McAlpine,,,,78,,224960,4/5/24 0:00,48,Older,Lizzy McAlpine,Come Down Soon
She Got the Best of MeLuke Combs,77,,,,,183160,6/1/18 0:00,73,This One's for You Too (Deluxe Edition),Luke Combs,She Got the Best of Me
"Heaven, IowaFall Out Boy",,77,,,,236754,3/24/23 0:00,45,So Much (For) Stardust,Fall Out Boy,"Heaven, Iowa"
You're Sixteen (You’re Beautiful And You’re Mine)Ringo Starr,,,77,,,169693,1/1/73 0:00,44,Ringo,Ringo Starr,You're Sixteen (You’re Beautiful And You’re Mine)
You Could Start A CultNiall Horan,,,,77,,200497,6/9/23 0:00,49,The Show,Niall Horan,You Could Start A Cult
Die TryingKey Glock,,76,,,,153106,11/17/22 0:00,65,,Key Glock,Die Trying
There's Your TroubleThe Chicks,,,76,,,193064,1/27/98 0:00,58,Wide Open Spaces,The Chicks,There's Your Trouble
You Are the Best ThingRay LaMontagne,,,,76,,231840,10/13/08 0:00,63,Gossip In The Grain,Ray LaMontagne,You Are the Best Thing
World on FireNate Smith,75,,,,,189986,4/28/23 0:00,71,NATE SMITH (DELUXE),Nate Smith,World on Fire
TombéM. Pokora,,75,,,,233800,4/12/19 0:00,40,PYRAMIDE,M. Pokora,Tombé
SkateBruno Mars,,,75,,Anderson .Paak,203122,11/11/21 0:00,64,An Evening With Silk Sonic,Bruno Mars,Skate
Pink Pony ClubChappell Roan,,,11,75,,258034,4/23/22 0:00,83,The Rise and Fall of a Midwest Princess,Chappell Roan,Pink Pony Club
Pretty Little PoisonWarren Zeiders,74,,,,,218260,3/17/23 0:00,71,Pretty Little Poison,Warren Zeiders,Pretty Little Poison
Quittin' TimeZach Bryan,,74,,,,220885,7/15/22 0:00,62,,Zach Bryan,Quittin' Time
Grease - 2007 RemasterFrankie Valli,,,74,,,207306,1/1/78 0:00,61,Frankie Valli...Is The Word,Frankie Valli,Grease - 2007 Remaster
All Falls DownLizzy McAlpine,,,,74,,171840,4/5/24 0:00,52,Older,Lizzy McAlpine,All Falls Down
ChemicalPost Malone,73,,,,,184013,4/14/23 0:00,71,The Diamond Collection (Deluxe),Post Malone,Chemical
Iowa WhoreYung Buttpiss,,73,,,,159408,8/16/22 0:00,2,Baby Brains,Yung Buttpiss,Iowa Whore
BURN¥$,,,73,,Kanye West,111477,2/9/24 0:00,63,VULTURES 1,¥$,BURN
You Go Down SmoothLake Street Dive,,,,73,,209400,2/18/14 0:00,48,Bad Self Portraits,Lake Street Dive,You Go Down Smooth
If I'm HonestTrousdale,72,,,12,,162701,8/18/23 0:00,44,Out Of My Mind,Trousdale,If I'm Honest
One Last BreathCreed,,72,,,,238240,1/1/01 0:00,77,Weathered,Creed,One Last Breath
Last Train HomeJohn Mayer,,,72,,,187306,7/16/21 0:00,56,Sob Rock,John Mayer,Last Train Home
PoemsCouch,,,,72,,189135,9/23/22 0:00,40,,Couch,Poems
The Hardest PartOlivia Dean,71,,,,,176048,8/7/20 0:00,67,Messy,Olivia Dean,The Hardest Part
Friday - Rebecca's Black & White RemixFlo Rida,,71,,,,155624,8/23/24 0:00,25,,Flo Rida,Friday - Rebecca's Black & White Remix
"I Can't Help Myself (Sugar Pie, Honey Bunch)Four Tops",,,71,,,160280,1/1/65 0:00,69,Four Tops - Second Album,Four Tops,"I Can't Help Myself (Sugar Pie, Honey Bunch)"
It Was Coming All AlongMaggie Rogers,,,,71,,207280,4/12/24 0:00,46,Don't Forget Me,Maggie Rogers,It Was Coming All Along
The Emptiness MachineLinkin Park,70,,,,,190427,9/5/24 0:00,78,From Zero,Linkin Park,The Emptiness Machine
Tout au bout du mondeTibz,,70,,,,178573,10/25/19 0:00,14,,Tibz,Tout au bout du monde
SanteriaSublime,,,70,,,182746,7/30/96 0:00,75,Sublime,Sublime,Santeria
I KIND OF RELATEDrake Bell,,,,70,,257118,3/18/24 0:00,31,Non Stop Flight,Drake Bell,I KIND OF RELATE
LavishTwenty One Pilots,69,,,,,158866,5/24/24 0:00,60,Clancy,Twenty One Pilots,Lavish
ay! (feat. Lil Wayne)mgk,,69,,,Lil Wayne,124188,3/25/22 0:00,57,mainstream sellout,mgk,ay! (feat. Lil Wayne)
HighroadSir Woman,,,,69,,230249,6/11/19 0:00,54,,Sir Woman,Highroad
Too Good to be TrueKacey Musgraves,68,,,,,160053,3/15/24 0:00,55,Deeper Well,Kacey Musgraves,Too Good to be True
No Role ModelzJ. Cole,,68,,,,292799,12/9/14 0:00,81,2014 Forest Hills Drive,J. Cole,No Role Modelz
How Do You Sleep? - Radio Edit RemixJesse McCartney,,,68,,Ludacris,208333,1/1/08 0:00,47,Departure - Recharged,Jesse McCartney,How Do You Sleep? - Radio Edit Remix
so americanOlivia Rodrigo,,,,68,,169717,3/22/24 0:00,71,GUTS (spilled),Olivia Rodrigo,so american
Girl On FireKameron Marlowe,67,63,,,,173706,6/10/22 0:00,53,We Were Cowboys,Kameron Marlowe,Girl On Fire
We Didn’t Start The Fire (Bonus Track)Fall Out Boy,,67,,,,215530,3/24/23 0:00,54,So Much (For) Stardust,Fall Out Boy,We Didn’t Start The Fire (Bonus Track)
Brandy (You're a Fine Girl)Looking Glass,,,67,,,186826,1/1/72 0:00,72,Looking Glass,Looking Glass,Brandy (You're a Fine Girl)
You Know ItColony House,,,,67,,182266,6/24/16 0:00,51,Only The Lonely,Colony House,You Know It
What You've Been ThroughBRELAND,66,,,,,168637,10/18/24 0:00,20,,BRELAND,What You've Been Through
I'm Just Ken (From Barbie The Album)Ryan Gosling,,66,,,,222633,7/21/23 0:00,50,,Ryan Gosling,I'm Just Ken (From Barbie The Album)
Have A Nice DayStereophonics,,,66,,,205066,1/1/01 0:00,59,Just Enough Education To Perform,Stereophonics,Have A Nice Day
Stubborn LoveThe Lumineers,,,,66,,279000,4/3/12 0:00,72,The Lumineers,The Lumineers,Stubborn Love
RiskGracie Abrams,65,49,,46,,191586,6/20/24 0:00,76,The Secret of Us,Gracie Abrams,Risk
ForeverDrake,,65,,,Kanye West,357706,1/1/09 0:00,71,Relapse: Refill,Drake,Forever
augustTaylor Swift,,,65,,,261922,7/24/20 0:00,78,folklore,Taylor Swift,august
L.A.Couch,,,,65,,189470,11/3/23 0:00,35,,Couch,L.A.
She Calls Me Back (with Kacey Musgraves)Noah Kahan,64,,,,Kacey Musgraves,243962,10/6/23 0:00,65,Stick Season (Forever),Noah Kahan,She Calls Me Back (with Kacey Musgraves)
Love in This Club (feat. Young Jeezy)USHER,,64,55,,Jeezy,259720,5/27/08 0:00,69,Here I Stand,USHER,Love in This Club (feat. Young Jeezy)
BODYGUARDBeyoncé,,,64,,,240254,3/27/24 0:00,66,COWBOY CARTER,Beyoncé,BODYGUARD
One And OnlyAdele,,,,64,,348226,1/24/11 0:00,61,21,Adele,One And Only
OvercompensateTwenty One Pilots,63,,,,,236000,2/29/24 0:00,65,Clancy,Twenty One Pilots,Overcompensate
AlaskaMaggie Rogers,,,63,,,188000,2/16/17 0:00,65,Heard It In A Past Life,Maggie Rogers,Alaska
Felt Good About YouGracie Abrams,,,,63,,164693,6/20/24 0:00,60,The Secret of Us,Gracie Abrams,Felt Good About You
Same Work (feat. The War And Treaty)BRELAND,62,,,,The War And Treaty,170645,10/18/24 0:00,26,,BRELAND,Same Work (feat. The War And Treaty)
Wonderwall - RemasteredOasis,,62,,,,258773,1/1/95 0:00,74,(What's The Story) Morning Glory? (Deluxe Remastered Edition),Oasis,Wonderwall - Remastered
Gimme ShelterThe Rolling Stones,,,62,,,270773,12/5/69 0:00,71,Let It Bleed,The Rolling Stones,Gimme Shelter
Red Wine SupernovaChappell Roan,,,,62,,192720,5/17/23 0:00,80,The Rise and Fall of a Midwest Princess,Chappell Roan,Red Wine Supernova
Had It AllGabby Barrett,61,,,,,227440,2/2/24 0:00,22,Chapter & Verse,Gabby Barrett,Had It All
Miss That GirlERNEST,,61,,,,137850,12/16/22 0:00,42,FLOWER SHOPS (THE ALBUM): Two Dozen Roses,ERNEST,Miss That Girl
I Love The Nightlife (Disco 'Round)Alicia Bridges,,,61,,,187973,1/1/78 0:00,46,I Love The Nightlife,Alicia Bridges,I Love The Nightlife (Disco 'Round)
Memory LaneOld Dominion,60,,,,,172480,1/5/23 0:00,66,Memory Lane,Old Dominion,Memory Lane
Safe and SoundCapital Cities,,60,,,,192789,6/4/13 0:00,79,In A Tidal Wave of Mystery,Capital Cities,Safe and Sound
HoudiniDua Lipa,,,60,,,185917,11/9/23 0:00,79,Radical Optimism,Dua Lipa,Houdini
My WayFrank Sinatra,,,,60,,276800,3/1/69 0:00,69,My Way (Expanded Edition),Frank Sinatra,My Way
DoubtTwenty One Pilots,59,,,,,191493,5/15/15 0:00,68,Blurryface,Twenty One Pilots,Doubt
Open the GateZach Bryan,,59,,,,234771,5/6/22 0:00,69,American Heartbreak,Zach Bryan,Open the Gate
SedonaHoundmouth,,,59,,,239881,3/17/15 0:00,61,Little Neon Limelight,Houndmouth,Sedona
Let It HappenGracie Abrams,,,,59,,260946,6/20/24 0:00,65,The Secret of Us,Gracie Abrams,Let It Happen
The Age of Worry - Live at Electric LadyYebba,58,,,,,227880,1/25/22 0:00,35,,Yebba,The Age of Worry - Live at Electric Lady
Friday NightEric Paslay,,58,,,,167213,1/1/14 0:00,52,Eric Paslay,Eric Paslay,Friday Night
greedyTate McRae,,,58,,,131872,9/15/23 0:00,81,THINK LATER,Tate McRae,greedy
U SmileJustin Bieber,,,,58,,196906,1/1/10 0:00,57,My World 2.0,Justin Bieber,U Smile
Ain't No Love In Oklahoma (From Twisters: The Album)Luke Combs,57,,,,,210950,5/16/24 0:00,78,,Luke Combs,Ain't No Love In Oklahoma (From Twisters: The Album)
Gang Shit No Lame ShitKey Glock,,57,,,,131600,11/23/18 0:00,66,Glockoma,Key Glock,Gang Shit No Lame Shit
us. (feat. Taylor Swift)Gracie Abrams,,,57,26,Taylor Swift,242666,6/20/24 0:00,75,The Secret of Us,Gracie Abrams,us. (feat. Taylor Swift)
Junior VarsityDayglow,,,,57,,252400,11/14/19 0:00,38,Fuzzybrain,Dayglow,Junior Varsity
Love MyselfHailee Steinfeld,56,,,,,218773,2/26/16 0:00,64,,Hailee Steinfeld,Love Myself
my ex's best friend (with blackbear)mgk,,56,,,blackbear,139460,9/25/20 0:00,67,Tickets To My Downfall,mgk,my ex's best friend (with blackbear)
Rhinestone CowboyGlen Campbell,,,56,,,194453,1/1/75 0:00,61,Rhinestone Cowboy (Expanded Edition),Glen Campbell,Rhinestone Cowboy
Guy I Used To BeLawrence,,,,56,,227200,4/5/24 0:00,39,Family Business,Lawrence,Guy I Used To Be
Midwest IndigoTwenty One Pilots,55,,,,,196266,5/24/24 0:00,64,Clancy,Twenty One Pilots,Midwest Indigo
Flagpole SittaThe All-American Rejects,,55,,,,223003,9/13/24 0:00,39,,The All-American Rejects,Flagpole Sitta
vampireOlivia Rodrigo,,,,55,,219724,9/8/23 0:00,79,GUTS,Olivia Rodrigo,vampire
Last NightMorgan Wallen,54,,,,,163854,1/31/23 0:00,75,One Thing At A Time,Morgan Wallen,Last Night
Dirty WorkSteely Dan,,54,,,,190065,11/1/72 0:00,65,Can't Buy A Thrill,Steely Dan,Dirty Work
Love Grows (Where My Rosemary Goes)Edison Lighthouse,,,54,,,174760,3/9/60 0:00,69,Love Grows (Where My Rosemary Goes) & Other Gems,Edison Lighthouse,Love Grows (Where My Rosemary Goes)
So High SchoolTaylor Swift,,,,54,,228800,4/19/24 0:00,71,THE TORTURED POETS DEPARTMENT: THE ANTHOLOGY,Taylor Swift,So High School
Fast CarLuke Combs,53,,,,,265493,3/24/23 0:00,78,Gettin' Old,Luke Combs,Fast Car
The Good I'll DoZach Bryan,,53,,,,211315,5/20/22 0:00,71,American Heartbreak,Zach Bryan,The Good I'll Do
TitleMeghan Trainor,,,53,,,174733,1/9/15 0:00,58,Title (Deluxe),Meghan Trainor,Title
Bed ChemSabrina Carpenter,,,,53,,171869,8/23/24 0:00,83,Short n' Sweet,Sabrina Carpenter,Bed Chem
HeroCharlie Puth,52,,,,,196752,5/23/24 0:00,55,,Charlie Puth,Hero
Time of Day (with mgk)Jelly Roll,,52,,,mgk,191146,10/10/24 0:00,52,Beautifully Broken,Jelly Roll,Time of Day (with mgk)
So Hot You're Hurting My FeelingsCaroline Polachek,,,52,,,183861,9/16/19 0:00,60,Pang,Caroline Polachek,So Hot You're Hurting My Feelings
The FormerSteinza,,,,52,,157500,1/11/23 0:00,50,,Steinza,The Former
MESSED UP AS MEKeith Urban,51,,,,,196400,3/1/24 0:00,54,HIGH,Keith Urban,MESSED UP AS ME
American GirlDierks Bentley,,51,,,,183820,2/23/24 0:00,39,,Dierks Bentley,American Girl
Half of My HeartJohn Mayer,,,51,,,250373,11/13/09 0:00,59,Battle Studies,John Mayer,Half of My Heart
"What Was I Made For? [From The Motion Picture ""Barbie""]Billie Eilish",,,,51,,222369,7/13/23 0:00,81,,Billie Eilish,"What Was I Made For? [From The Motion Picture ""Barbie""]"
Love SomebodyMorgan Wallen,50,43,,,,204828,10/18/24 0:00,81,,Morgan Wallen,Love Somebody
Never Let You GoRAC,,50,,,Matthew Koma,224332,2/12/20 0:00,31,,RAC,Never Let You Go
Nothing From NothingBilly Preston,,,50,,,156200,1/1/74 0:00,54,The Kids & Me,Billy Preston,Nothing From Nothing
Midnight HourJamestown Revival,,,,50,,210666,10/7/16 0:00,43,The Education Of A Wandering Man,Jamestown Revival,Midnight Hour
Grow ApartGabby Barrett,49,,,,,209040,2/2/24 0:00,21,Chapter & Verse,Gabby Barrett,Grow Apart
BIRDS OF A FEATHERBillie Eilish,,,49,,,210373,5/17/24 0:00,93,HIT ME HARD AND SOFT,Billie Eilish,BIRDS OF A FEATHER
omwAshe,,,,49,,171161,10/12/22 0:00,31,Rae,Ashe,omw
Your BonesChelsea Cutler,48,,,,,159400,8/30/23 0:00,51,Stellaria,Chelsea Cutler,Your Bones
bloody valentinemgk,,48,,,,205158,6/5/20 0:00,63,Tickets To My Downfall,mgk,bloody valentine
RememberBecky Hill,,,48,,David Guetta,160766,6/18/21 0:00,66,Only Honest On The Weekend (Deluxe),Becky Hill,Remember
Go ThereTrousdale,,,,48,,202316,9/15/23 0:00,30,Out Of My Mind,Trousdale,Go There
Don't Forget MeMaggie Rogers,47,,,,,265360,2/8/24 0:00,53,Don't Forget Me,Maggie Rogers,Don't Forget Me
Let's Twist AgainChubby Checker,,47,,,,137360,1/1/61 0:00,63,It's Pony Time/Let's Twist Again,Chubby Checker,Let's Twist Again
Five More MinutesThe War And Treaty,,,47,6,,223880,7/16/20 0:00,33,Hearts Town,The War And Treaty,Five More Minutes
Modern GirlBleachers,,,,47,,223100,9/20/23 0:00,52,Bleachers,Bleachers,Modern Girl
Bad LuckZach Top,46,,,,,199247,10/28/22 0:00,70,Cold Beer & Country Music,Zach Top,Bad Luck
On pourraitSARA'H,,46,,,,195982,10/22/21 0:00,32,,SARA'H,On pourrait
If It Wasn't For The NightsABBA,,,46,,,309320,1/1/79 0:00,52,Voulez-Vous,ABBA,If It Wasn't For The Nights
Off The HighwayGabby Barrett,45,,,,,178800,2/2/24 0:00,21,Chapter & Verse,Gabby Barrett,Off The Highway
123 (Version Française)Craig Smart,,45,,,,186038,11/13/12 0:00,14,,Craig Smart,123 (Version Française)
One Of Your GirlsTroye Sivan,,,45,,,181481,10/13/23 0:00,70,Something To Give Each Other,Troye Sivan,One Of Your Girls
But Daddy I Love HimTaylor Swift,,,,45,,340428,4/18/24 0:00,68,THE TORTURED POETS DEPARTMENT,Taylor Swift,But Daddy I Love Him
IllusionDua Lipa,44,,,,,188143,4/11/24 0:00,71,Radical Optimism,Dua Lipa,Illusion
EmmaVianney,,44,,,,209503,11/19/21 0:00,29,N'attendons pas (Deluxe),Vianney,Emma
"Good Luck, Babe!Chappell Roan",6,,44,32,,218423,4/5/24 0:00,89,,Chappell Roan,"Good Luck, Babe!"
Workin' on Lovin'Juice,,,,44,,234026,6/14/18 0:00,40,,Juice,Workin' on Lovin'
The PainterCody Johnson,43,,,,,211413,8/11/23 0:00,70,Leather,Cody Johnson,The Painter
Tired of Being AloneAl Green,,,43,,,172320,8/14/71 0:00,65,Gets Next to You,Al Green,Tired of Being Alone
DrunkMaggie Rogers,,,,43,,204800,4/12/24 0:00,44,Don't Forget Me,Maggie Rogers,Drunk
Rien qu'une foisKeen' V,,42,,,,195897,6/17/16 0:00,35,Là où le vent me mène (Summer Edition),Keen' V,Rien qu'une fois
Fortnight (feat. Post Malone)Taylor Swift,,,42,,Post Malone,228965,4/18/24 0:00,79,THE TORTURED POETS DEPARTMENT,Taylor Swift,Fortnight (feat. Post Malone)
"I Love You, I'm SorryGracie Abrams",,,,42,,157146,6/20/24 0:00,84,The Secret of Us,Gracie Abrams,"I Love You, I'm Sorry"
Where It EndsBailey Zimmerman,41,,,,,179294,8/19/22 0:00,71,Religiously. The Album.,Bailey Zimmerman,Where It Ends
Making Love to the 2024 Vancouver CanucksIvan Hrvatska,,41,,,,133166,5/5/24 0:00,1,,Ivan Hrvatska,Making Love to the 2024 Vancouver Canucks
If You Wanna Be HappyJimmy Soul,,,41,,,143000,1/10/12 0:00,44,"Frank Guida Presents: Jimmy Soul ""If You Wanna Be Happy""",Jimmy Soul,If You Wanna Be Happy
strangerOlivia Rodrigo,,,,41,,192771,3/22/24 0:00,67,GUTS (spilled),Olivia Rodrigo,stranger
Sweet SerendipityLee DeWyze,40,,,,,198280,1/1/03 0:00,34,10th Anniversary - The Hits - Volume 1,Lee DeWyze,Sweet Serendipity
Let's GoKey Glock,,40,,,,140106,6/23/23 0:00,69,Glockoma 2 (Deluxe),Key Glock,Let's Go
Too SweetHozier,12,,40,,,251424,3/22/24 0:00,74,Unreal Unearth: Unaired,Hozier,Too Sweet
Wouldn't Come BackTrousdale,,,,40,,219533,1/15/21 0:00,50,,Trousdale,Wouldn't Come Back
Nosedive (Feat. Lainey Wilson)Post Malone,39,,,,Lainey Wilson,192459,8/15/24 0:00,64,F-1 Trillion,Post Malone,Nosedive (Feat. Lainey Wilson)
We Bring The BOOM!A.J. & Big Justice,,39,,,,120192,7/3/24 0:00,44,,A.J. & Big Justice,We Bring The BOOM!
get him back!Olivia Rodrigo,,,39,24,,211141,9/8/23 0:00,72,GUTS,Olivia Rodrigo,get him back!
Who’s Afraid of Little Old Me?Taylor Swift,,,,39,,334084,4/18/24 0:00,69,THE TORTURED POETS DEPARTMENT,Taylor Swift,Who’s Afraid of Little Old Me?
Paladin StraitTwenty One Pilots,38,,,,,388586,5/24/24 0:00,60,Clancy,Twenty One Pilots,Paladin Strait
Should've Been A CowboyToby Keith,,38,,,,211306,4/20/93 0:00,68,Toby Keith,Toby Keith,Should've Been A Cowboy
Mr. NaturalBee Gees,,,38,,,228466,1/1/74 0:00,23,Mr. Natural,Bee Gees,Mr. Natural
Shower With My Clothes OnAshe,,,,38,,184479,7/29/22 0:00,31,Rae,Ashe,Shower With My Clothes On
SelfishJustin Timberlake,37,,,,,229331,1/25/24 0:00,61,Everything I Thought It Was,Justin Timberlake,Selfish
My SacrificeCreed,,37,,,,294600,1/1/01 0:00,71,Weathered,Creed,My Sacrifice
She's A LadyTom Jones,,,37,,,174146,5/1/71 0:00,62,Tom Jones Sings She's A Lady,Tom Jones,She's A Lady
Dinner with FriendsKacey Musgraves,,,,37,,177733,3/15/24 0:00,45,Deeper Well,Kacey Musgraves,Dinner with Friends
All the Time in the WorldStephen Day,36,,,,,163146,10/11/19 0:00,39,Guess I'm Grown Now,Stephen Day,All the Time in the World
From AustinZach Bryan,,36,,,,207453,2/25/22 0:00,68,American Heartbreak,Zach Bryan,From Austin
Up The Ladder To The RoofThe Supremes,,,36,,,191666,4/26/70 0:00,32,Right On,The Supremes,Up The Ladder To The Roof
Sweet HomeSYML,,,,36,,248533,3/18/22 0:00,47,The Day My Father Died,SYML,Sweet Home
Dancing With Your ShadowsPhillip Phillips,35,,,,,177569,2/10/23 0:00,43,Drift Back,Phillip Phillips,Dancing With Your Shadows
I Had Some Help (Feat. Morgan Wallen)Post Malone,,35,,,Morgan Wallen,178205,5/10/24 0:00,79,F-1 Trillion,Post Malone,I Had Some Help (Feat. Morgan Wallen)
Everyday PeopleSly & The Family Stone,,,35,,,141506,5/3/69 0:00,59,Stand,Sly & The Family Stone,Everyday People
Guilty as Sin?Taylor Swift,,,,35,,254365,4/18/24 0:00,71,THE TORTURED POETS DEPARTMENT,Taylor Swift,Guilty as Sin?
Spin You Around (1/24)Morgan Wallen,34,,,,,209427,1/26/24 0:00,71,,Morgan Wallen,Spin You Around (1/24)
A Bar Song (Tipsy)Shaboozey,32,34,,,,171291,4/12/24 0:00,81,"Where I've Been, Isn't Where I'm Going",Shaboozey,A Bar Song (Tipsy)
More Than A WomanBee Gees,,,34,,,197213,11/15/77 0:00,72,,Bee Gees,More Than A Woman
23Lawrence,,,,34,,189266,10/20/23 0:00,33,Family Business,Lawrence,23
What Don't Belong To MePost Malone,33,,,,,207176,8/15/24 0:00,64,F-1 Trillion,Post Malone,What Don't Belong To Me
A.M. RADIOThe Lumineers,,33,,,,237320,1/14/22 0:00,52,BRIGHTSIDE,The Lumineers,A.M. RADIO
SwayKacey Musgraves,,,,33,,191413,3/15/24 0:00,47,Deeper Well,Kacey Musgraves,Sway
Dawns (feat. Maggie Rogers)Zach Bryan,,32,,,Maggie Rogers,290892,1/27/23 0:00,71,,Zach Bryan,Dawns (feat. Maggie Rogers)
GorgeousTaylor Swift,,,32,,,209680,11/10/17 0:00,70,reputation,Taylor Swift,Gorgeous
Miles On ItMarshmello,31,,,,Kane Brown,168355,5/3/24 0:00,76,The High Road,Marshmello,Miles On It
HigherCreed,,31,,,,316733,1/1/99 0:00,74,Human Clay,Creed,Higher
4EVERClairo,,,31,,,159595,4/27/18 0:00,70,,Clairo,4EVER
Can't Get Your Love BackTrousdale,,,,31,,210130,7/21/23 0:00,25,Out Of My Mind,Trousdale,Can't Get Your Love Back
Beautiful ThingsBenson Boone,30,,,,,180304,1/18/24 0:00,85,Fireworks & Rollerblades,Benson Boone,Beautiful Things
Up The JunctionSqueeze,,30,,,,191320,1/1/79 0:00,50,Cool For Cats,Squeeze,Up The Junction
It's Too LateCarole King,,,30,,,233173,1/1/71 0:00,66,Tapestry,Carole King,It's Too Late
When I'm OlderAshe,,,,30,,170241,4/21/21 0:00,31,Ashlyn,Ashe,When I'm Older
Oldies StationTwenty One Pilots,29,,,,,228000,5/24/24 0:00,60,Clancy,Twenty One Pilots,Oldies Station
Ambition For CashKey Glock,,29,,,,143480,9/30/21 0:00,67,Yellow Tape 2,Key Glock,Ambition For Cash
BrazilDeclan McKenna,,,29,,,252306,12/4/15 0:00,76,What Do You Think About the Car?,Declan McKenna,Brazil
You’re Gonna Go FarNoah Kahan,,,,29,,286369,6/9/23 0:00,77,Stick Season (We'll All Be Here Forever),Noah Kahan,You’re Gonna Go Far
Dancin' In The Moonlight (feat. Lauren Alaina)Chris Lane,28,,,,Lauren Alaina,199000,5/20/22 0:00,48,,Chris Lane,Dancin' In The Moonlight (feat. Lauren Alaina)
Never Been OverDarius Rucker,,28,,,Jennifer Nettles,205466,4/26/24 0:00,34,,Darius Rucker,Never Been Over
Cruel SummerTaylor Swift,,,28,,,178426,8/23/19 0:00,84,Lover,Taylor Swift,Cruel Summer
FeatherSabrina Carpenter,,,,28,,185552,3/17/23 0:00,80,emails i can’t send fwd:,Sabrina Carpenter,Feather
Hell of a YearParker McCollum,27,,,,,232653,11/10/17 0:00,64,Probably Wrong,Parker McCollum,Hell of a Year
HOT TO GO!Chappell Roan,,27,,,,184841,8/11/23 0:00,79,The Rise and Fall of a Midwest Princess,Chappell Roan,HOT TO GO!
These WallsDua Lipa,,,27,,,217783,5/3/24 0:00,68,Radical Optimism,Dua Lipa,These Walls
HeavenNiall Horan,,,,27,,186043,3/10/23 0:00,67,The Show,Niall Horan,Heaven
Remember Him That WayLuke Combs,26,,,,,236055,6/14/24 0:00,61,Fathers & Sons,Luke Combs,Remember Him That Way
StargazingMyles Smith,,26,,,,172533,5/10/24 0:00,82,,Myles Smith,Stargazing
OmenDisclosure,,,26,,Sam Smith,230250,9/25/15 0:00,54,Caracal (Deluxe),Disclosure,Omen
Overcompensate (edit)Twenty One Pilots,25,,,,,190733,2/29/24 0:00,46,,Twenty One Pilots,Overcompensate (edit)
AnyoneJustin Bieber,,25,,,,190779,1/1/21 0:00,66,Justice,Justin Bieber,Anyone
MelissaAllman Brothers Band,,,25,,,235223,2/12/72 0:00,57,Eat A Peach,Allman Brothers Band,Melissa
Lavender GirlCaamp,,,,25,,203546,5/20/22 0:00,61,Lavender Days,Caamp,Lavender Girl
Slow It DownBenson Boone,24,,,,,161831,3/21/24 0:00,82,Fireworks & Rollerblades,Benson Boone,Slow It Down
The Lion Sleeps Tonight (Wimoweh)The Tokens,,24,,,,162093,7/29/94 0:00,56,The Lion Sleeps Tonight,The Tokens,The Lion Sleeps Tonight (Wimoweh)
I Know Places (Taylor's Version)Taylor Swift,,,24,,,195700,10/26/23 0:00,59,1989 (Taylor's Version),Taylor Swift,I Know Places (Taylor's Version)
Lies Lies LiesMorgan Wallen,23,,,,,198068,7/5/24 0:00,76,,Morgan Wallen,Lies Lies Lies
FavouriteFontaines D.C.,,23,,,,256066,6/18/24 0:00,65,Romance,Fontaines D.C.,Favourite
She Moves In Her Own WayThe Kooks,,,23,,,169306,1/1/06 0:00,52,Inside In / Inside Out,The Kooks,She Moves In Her Own Way
Turn the Lights Back OnBilly Joel,,,,23,,238939,2/1/24 0:00,52,,Billy Joel,Turn the Lights Back On
Tattoo on a SunburnLuke Combs,22,,,,,225693,3/24/23 0:00,49,Gettin' Old,Luke Combs,Tattoo on a Sunburn
Let's Go - Alok RemixKey Glock,,22,,,Alok,158145,3/29/24 0:00,29,,Key Glock,Let's Go - Alok Remix
Walking on Broken GlassAnnie Lennox,,,22,,,253295,4/2/92 0:00,59,,Annie Lennox,Walking on Broken Glass
At The Risk Of Feeling DumbTwenty One Pilots,21,,,,,203853,5/24/24 0:00,60,Clancy,Twenty One Pilots,At The Risk Of Feeling Dumb
Pink SkiesZach Bryan,,21,,,,194920,5/24/24 0:00,80,,Zach Bryan,Pink Skies
Please Please PleaseSabrina Carpenter,10,,21,,,186365,6/6/24 0:00,82,Short n' Sweet,Sabrina Carpenter,Please Please Please
Love Me Like YouLittle Mix,,,,21,,197786,11/6/15 0:00,70,Get Weird (Expanded Edition),Little Mix,Love Me Like You
Losers (Feat. Jelly Roll)Post Malone,20,,,,Jelly Roll,209038,8/15/24 0:00,70,F-1 Trillion,Post Malone,Losers (Feat. Jelly Roll)
The AnthemGood Charlotte,,20,,,,175093,10/4/02 0:00,70,The Young and The Hopeless,Good Charlotte,The Anthem
Me & Mr JonesAmy Winehouse,,,20,,,153173,1/1/06 0:00,62,Back To Black (Deluxe Edition),Amy Winehouse,Me & Mr Jones
Out Of My MindTrousdale,,,,20,,281640,9/15/23 0:00,30,Out Of My Mind,Trousdale,Out Of My Mind
Man Made A Bar (feat. Eric Church)Morgan Wallen,19,,,,Eric Church,191231,3/3/23 0:00,70,One Thing At A Time,Morgan Wallen,Man Made A Bar (feat. Eric Church)
body bag (feat. YUNGBLUD & Bert McCracken of The Used)mgk,,19,,,YUNGBLUD,170074,9/29/20 0:00,55,Tickets To My Downfall (SOLD OUT Deluxe),mgk,body bag (feat. YUNGBLUD & Bert McCracken of The Used)
Gonna Find OutKate Hudson,,,19,,,210548,4/17/24 0:00,35,Glorious,Kate Hudson,Gonna Find Out
My Boy Only Breaks His Favorite ToysTaylor Swift,,,8,19,,203801,4/18/24 0:00,69,THE TORTURED POETS DEPARTMENT,Taylor Swift,My Boy Only Breaks His Favorite Toys
TreadmillKnox,18,,,,,193262,6/28/24 0:00,43,,Knox,Treadmill
Thank God & Jimmy BuffettPitbull,,18,,,,152121,2/16/24 0:00,36,Trackhouse (Daytona 500 Edition),Pitbull,Thank God & Jimmy Buffett
Sweet Talkin' WomanElectric Light Orchestra,,,18,,,229866,1/1/72 0:00,57,Out of the Blue,Electric Light Orchestra,Sweet Talkin' Woman
Set Fire to the RainAdele,,,,18,,242973,1/24/11 0:00,74,21,Adele,Set Fire to the Rain
Snap BackTwenty One Pilots,17,,,,,210266,5/24/24 0:00,59,Clancy,Twenty One Pilots,Snap Back
Larger Than LifeBackstreet Boys,,17,,,,232826,5/18/99 0:00,65,Millennium,Backstreet Boys,Larger Than Life
You’re Losing Me (From The Vault)Taylor Swift,,,17,,,277831,11/29/23 0:00,71,,Taylor Swift,You’re Losing Me (From The Vault)
Lie To GirlsSabrina Carpenter,,,,17,,202001,8/23/24 0:00,68,Short n' Sweet,Sabrina Carpenter,Lie To Girls
Things I Take For GrantedLarry Fleet,16,,,,,206929,9/1/23 0:00,56,Earned It,Larry Fleet,Things I Take For Granted
Bump HeadsEminem,,16,,,Tony Yayo,281457,5/26/22 0:00,58,The Eminem Show (Expanded Edition),Eminem,Bump Heads
Kill BillSZA,,,16,,,153946,12/8/22 0:00,82,SOS,SZA,Kill Bill
Pieces Of MeAshlee Simpson,,,,16,,216560,1/1/04 0:00,52,Autobiography,Ashlee Simpson,Pieces Of Me
Pour Me A Drink (Feat. Blake Shelton)Post Malone,15,,15,,Blake Shelton,195122,6/21/24 0:00,69,F-1 Trillion,Post Malone,Pour Me A Drink (Feat. Blake Shelton)
"F*CK YOU, GOODBYE (feat. Machine Gun Kelly)The Kid LAROI",,15,,,mgk,144860,7/27/21 0:00,62,F*CK LOVE 3+: OVER YOU,The Kid LAROI,"F*CK YOU, GOODBYE (feat. Machine Gun Kelly)"
Modern Love - 2018 RemasterDavid Bowie,,,,15,,288339,4/14/83 0:00,64,Let's Dance (2018 Remaster),David Bowie,Modern Love - 2018 Remaster
Austin (Boots Stop Workin')Dasha,14,,,,,171782,11/16/23 0:00,79,What Happens Now?,Dasha,Austin (Boots Stop Workin')
Heavy EyesZach Bryan,,14,,,,190780,5/20/22 0:00,66,American Heartbreak,Zach Bryan,Heavy Eyes
This Old Heart Of Mine (Is Weak For You)The Isley Brothers,,,14,,,172733,1/1/66 0:00,59,This Old Heart Of Mine,The Isley Brothers,This Old Heart Of Mine (Is Weak For You)
UnwrittenNatasha Bedingfield,,,,14,,259333,8/30/04 0:00,81,Unwritten,Natasha Bedingfield,Unwritten
The Craving - single versionTwenty One Pilots,13,,,,,173866,5/22/24 0:00,57,,Twenty One Pilots,The Craving - single version
Texas Longhorn (Sec Version)Django Walker,,13,,,,214333,8/23/24 0:00,19,,Django Walker,Texas Longhorn (Sec Version)
Murder On The DancefloorSophie Ellis-Bextor,,,13,,,230013,1/1/01 0:00,76,Read My Lips (Deluxe Version),Sophie Ellis-Bextor,Murder On The Dancefloor
JunoSabrina Carpenter,,,,13,,223192,8/23/24 0:00,81,Short n' Sweet,Sabrina Carpenter,Juno
Loving You EasyZac Brown Band,,12,,,,155653,4/28/15 0:00,52,JEKYLL + HYDE,Zac Brown Band,Loving You Easy
Nobody Gets MeSZA,,,12,,,180853,12/8/22 0:00,82,SOS,SZA,Nobody Gets Me
Hide My Gun (Feat. HARDY)Post Malone,11,,,,HARDY,220479,8/15/24 0:00,60,F-1 Trillion,Post Malone,Hide My Gun (Feat. HARDY)
Lonely Road (with Jelly Roll)mgk,,11,,,Jelly Roll,189356,7/26/24 0:00,71,Beautifully Broken (Pickin’ Up The Pieces),mgk,Lonely Road (with Jelly Roll)
Easy to LoveCouch,,,,11,,186841,11/27/19 0:00,48,,Couch,Easy to Love
Who Knew (Her Perspective)Darren Waller,,10,,,,188152,5/24/24 0:00,14,,Darren Waller,Who Knew (Her Perspective)
AppleCharli xcx,,,10,,,151739,6/7/24 0:00,78,BRAT,Charli xcx,Apple
"So Long, LondonTaylor Swift",,,,10,,262974,4/18/24 0:00,68,THE TORTURED POETS DEPARTMENT,Taylor Swift,"So Long, London"
Routines In The NightTwenty One Pilots,9,,,,,202600,5/24/24 0:00,68,Clancy,Twenty One Pilots,Routines In The Night
LingerThe Cranberries,,9,,,,274706,3/1/93 0:00,79,"Everybody Else Is Doing It, So Why Can't We?",The Cranberries,Linger
I Don't Wanna LieYola,,,9,,,181535,12/6/19 0:00,34,Walk Through Fire (Deluxe Edition),Yola,I Don't Wanna Lie
love is embarrassingOlivia Rodrigo,,,,9,,154516,9/8/23 0:00,70,GUTS,Olivia Rodrigo,love is embarrassing
Die With A SmileLady Gaga,8,,,,Bruno Mars,251667,8/16/24 0:00,96,MAYHEM,Lady Gaga,Die With A Smile
TexasBigXthaPlug,,8,,,,146133,11/25/22 0:00,70,AMAR,BigXthaPlug,Texas
Fast Cars And FreedomRascal Flatts,,,,8,,262186,1/1/04 0:00,56,Feels Like Today,Rascal Flatts,Fast Cars And Freedom
Guy For That (Feat. Luke Combs)Post Malone,7,,,,Luke Combs,164011,7/26/24 0:00,73,F-1 Trillion,Post Malone,Guy For That (Feat. Luke Combs)
There’s Your Trouble - Spotify Singles (Live from Spotify House)mgk,,7,,,,191949,7/24/24 0:00,45,,mgk,There’s Your Trouble - Spotify Singles (Live from Spotify House)
Nights On BroadwayBee Gees,,,7,,,271373,6/1/75 0:00,51,Main Course,Bee Gees,Nights On Broadway
AlrightCouch,,,,7,,250105,10/6/23 0:00,35,,Couch,Alright
Game NightDJ Heer,,6,,,A.S.M,231682,4/18/24 0:00,2,,DJ Heer,Game Night
8TEENKhalid,,,6,,,228600,4/27/17 0:00,68,American Teen,Khalid,8TEEN