track_id_stable,Zach,Bryce,Maggie,Jamie,Featured Artist,Duration,Release Date,Popularity,Album,Artist,Song,Popularity_ID
Lookin' for LoveOld Dominion,100,,,,,210120.0,2024-09-06 00:00:00,41.0,Odies But Goodies,Old Dominion,Lookin' for Love,1VmR7aU6sK05IrpiPpyXRB
Nonsense (with Coi Leray) - RemixSabrina Carpenter,,100,,,Coi Leray,175648.0,2023-03-23 00:00:00,42.0,,Sabrina Carpenter,Nonsense (with Coi Leray) - Remix,0DD4vkP9qDiej99eUCG4jC
You've Got The LoveFlorence + The Machine,,,100,,,168666.0,2009-01-01 00:00:00,65.0,Lungs (Deluxe Edition),Florence + The Machine,You've Got The Love,6u9RqxALwkjJ1ukB1y8vuP
Soak Up The SunSheryl Crow,,,,100,,292306.0,2002-04-08 00:00:00,62.0,"C'Mon, C'Mon",Sheryl Crow,Soak Up The Sun,215JYyyUnrJ98NK3KEwu6d
Edge of the EarthThe Beaches,99,,,,,160244.0,2023-05-05 00:00:00,61.0,Blame My Ex,The Beaches,Edge of the Earth,4Zy6m1QjUivLl8Zt7E8uxr
White HorseChris Stapleton,42,99,,,,267893.0,2023-07-21 00:00:00,76.0,Higher,Chris Stapleton,White Horse,1DgtQlVNotingln271ZKCx
Us Against the WorldPlay,,,99,,,222000.0,2002-01-07 00:00:00,45.0,Us Against The World,Play,Us Against the World,7ID5MLSB71awNzjI7jyojG
The Black DogTaylor Swift,,,,99,,238857.0,2024-04-19 00:00:00,72.0,THE TORTURED POETS DEPARTMENT: THE ANTHOLOGY,Taylor Swift,The Black Dog,62E2nR0od0M5HYxuYLaDz7
ReligiouslyBailey Zimmerman,98,,,,,178723.0,2023-01-11 00:00:00,77.0,Religiously. The Album.,Bailey Zimmerman,Religiously,0bILU0UiNDmA5Ff6whhb2R
"Check Yes, JulietWe The Kings",,98,,,,220146.0,2007-10-07 00:00:00,70.0,We The Kings,We The Kings,"Check Yes, Juliet",7N2PNxzZXxCdAHiAfsklhT
I Can See You (Taylor’s Version) (From The Vault)Taylor Swift,,,98,,,273186.0,2023-07-07 00:00:00,71.0,Speak Now (Taylor's Version),Taylor Swift,I Can See You (Taylor’s Version) (From The Vault),5kHMfzgLZP95O9NBy0ku4v
Bad BloodTrousdale,,,,98,,165764.0,2023-03-31 00:00:00,36.0,Out Of My Mind,Trousdale,Bad Blood,4qIYVoGM0KoG9kB4evd5h1
EspressoSabrina Carpenter,97,,33,22,,175459.0,2024-04-11 00:00:00,88.0,Short n' Sweet,Sabrina Carpenter,Espresso,2HRqTpkrJO5ggZyyK6NPWz
J'me tireGIMS,,97,,,,249866.0,2013-12-02 00:00:00,67.0,Subliminal (La face cachée),GIMS,J'me tire,4w47YE9rjhmZUdtZjSCb82
Could You Be LovedBob Marley & The Wailers,,,97,,,237000.0,1980-06-10 00:00:00,81.0,Uprising,Bob Marley & The Wailers,Could You Be Loved,5O4erNlJ74PIF6kGol1ZrC
All My LoveNoah Kahan,,,,97,,251510.0,2022-10-14 00:00:00,77.0,Stick Season,Noah Kahan,All My Love,7ByxizhA4GgEf7Sxomxhze
Dial Drunk (with Post Malone)Noah Kahan,96,,,,Post Malone,213817.0,2023-07-18 00:00:00,78.0,Stick Season (Forever),Noah Kahan,Dial Drunk (with Post Malone),22VHOlVYBqytsrAqV8yXBK
ClementineYung Gravy,,96,,,,164410.0,2024-05-10 00:00:00,44.0,Serving Country,Yung Gravy,Clementine,06ZVdd9hNVlNv9fAd5NUok
LandslideThe Chicks,,,96,,,230549.0,2002-08-27 00:00:00,65.0,Home,The Chicks,Landslide,5hviCr3lgg6LY6noG6DPKs
Ex-WivesSIX,,,,96,,350218.0,2018-08-31 00:00:00,62.0,Six: The Musical (Studio Cast Recording),SIX,Ex-Wives,03GBiorLGTk7T4IScIl4jj
Hits DifferentTaylor Swift,95,,,,,234466.0,2023-05-26 00:00:00,71.0,Midnights (The Til Dawn Edition),Taylor Swift,Hits Different,3xYJScVfxByb61dYHTwiby
Powerful WomenPitbull,,95,,,Dolly Parton,165619.0,2024-02-15 00:00:00,55.0,Trackhouse (Daytona 500 Edition),Pitbull,Powerful Women,043trFU53vB0CBmFszufZd
If It Makes You HappySheryl Crow,,,95,,,323400.0,1996-01-01 00:00:00,64.0,Sheryl Crow,Sheryl Crow,If It Makes You Happy,5XrfFo0JFOnWD9ZMNXGkQh
Don’t SmileSabrina Carpenter,,,,95,,206295.0,2024-08-23 00:00:00,75.0,Short n' Sweet,Sabrina Carpenter,Don’t Smile,09LrGvT9KsACH66RHYMDyR
Snap Out Of ItArctic Monkeys,94,,,,,193030.0,2013-09-09 00:00:00,77.0,AM,Arctic Monkeys,Snap Out Of It,0NdTUS4UiNYCNn5FgVqKQY
RosesThe Chainsmokers,,94,,,ROZES,226738.0,2015-06-16 00:00:00,77.0,,The Chainsmokers,Roses,3vv9phIu6Y1vX3jcqaGz5Z
Do You Believe in Magic?The Lovin' Spoonful,,,94,,,125826.0,1965-11-01 00:00:00,64.0,Do you Believe In Magic,The Lovin' Spoonful,Do You Believe in Magic?,1udKn1oNKYQSQ9OmiIWCMu
Silver LiningMt. Joy,,,,94,,199827.0,2017-11-02 00:00:00,75.0,Mt. Joy,Mt. Joy,Silver Lining,13xVnZKZDEGbmXkzBFpJDD
The Craving (Jenna's version)Twenty One Pilots,93,,,,,174133.0,2024-05-24 00:00:00,62.0,Clancy,Twenty One Pilots,The Craving (Jenna's version),4hfqe20vqkuRv1RDsA1LbQ
Superman (It's Not Easy)Five For Fighting,,93,,,,221693.0,2000-09-26 00:00:00,66.0,America Town,Five For Fighting,Superman (It's Not Easy),3TwtrR1yNLY1PMPsrGQpOp
When Will I See You AgainThe Three Degrees,,,93,,,178746.0,1973-01-01 00:00:00,59.0,The Three Degrees,The Three Degrees,When Will I See You Again,02srSkeu2pzybuVr2B9TJm
Baby Now That I've Found You - MonoThe Foundations,,,,93,,158266.0,1967-01-01 00:00:00,56.0,Baby Now That I've Found You,The Foundations,Baby Now That I've Found You - Mono,6mQvaOgN76Q7qcwmwuEP2W
SaturnSZA,92,,,,,186191.0,2024-02-22 00:00:00,82.0,SOS Deluxe: LANA,SZA,Saturn,040I32EKLxQrkuxQu1pqvT
Don't Dream It's OverCrowded House,,92,,,,236933.0,1986-01-01 00:00:00,80.0,Crowded House,Crowded House,Don't Dream It's Over,7G7tgVYORlDuVprcYHuFJh
Bad Time - Remastered 2002Grand Funk Railroad,,,92,,,175360.0,1974-12-01 00:00:00,46.0,All The Girls In The World Beware!!! (Remastered),Grand Funk Railroad,Bad Time - Remastered 2002,2DL5cXb2F3nvggbyTiNhzc
T-Shirt WeatherCirca Waves,,,,92,,192120.0,2015-02-23 00:00:00,61.0,Young Chasers (Deluxe),Circa Waves,T-Shirt Weather,7MfNoHB8JRNbSQ8P3eAfMQ
Me To MeMorgan Wallen,91,,,,,138958.0,2023-03-03 00:00:00,62.0,One Thing At A Time,Morgan Wallen,Me To Me,3CqT9ajcy6pY7TonEPiV4H
My Own Worst EnemyLit,,91,,,,169026.0,1999-02-22 00:00:00,73.0,A Place In The Sun,Lit,My Own Worst Enemy,33iv3wnGMrrDugd7GBso1z
After MidnightChappell Roan,,,91,,,204857.0,2023-09-21 00:00:00,73.0,The Rise and Fall of a Midwest Princess,Chappell Roan,After Midnight,4rlQza35DE4Prh5yonxnCs
Smart IowaTrousdale,,,,91,,198671.0,2023-07-21 00:00:00,29.0,Out Of My Mind,Trousdale,Smart Iowa,5sR5RxaErPw0YtsB0MyQyn
Ain’t How It EndsPost Malone,90,,,,,201961.0,2024-08-16 00:00:00,60.0,F-1 Trillion: Long Bed,Post Malone,Ain’t How It Ends,4ApqBh1Xnrpwx6EbhoUPgq
OvertimeZach Bryan,,90,,,,190946.0,2023-08-25 00:00:00,63.0,Zach Bryan,Zach Bryan,Overtime,5pIVEk6Di7n1v5khOzJaJL
Valerie (feat. Amy Winehouse) - Version RevisitedMark Ronson,,,90,,Amy Winehouse,219413.0,2007-04-16 00:00:00,80.0,Version,Mark Ronson,Valerie (feat. Amy Winehouse) - Version Revisited,6kopmMZiyLmw7h66uXcXR7
Real Love BabyFather John Misty,,,,90,,189293.0,2016-07-26 00:00:00,77.0,,Father John Misty,Real Love Baby,0Z57YWES04xGh3AImDz6Qr
Deeper WellKacey Musgraves,89,,,,,232133.0,2024-03-15 00:00:00,65.0,Deeper Well,Kacey Musgraves,Deeper Well,333XFHKsHU0pOocFzBgrJi
Yeah! (feat. Lil Jon & Ludacris)USHER,,89,,,Lil Jon,250373.0,2004-03-23 00:00:00,84.0,Confessions (Expanded Edition),USHER,Yeah! (feat. Lil Jon & Ludacris),5rb9QrpfcKFHM1EUbSIurX
Ghost TownKanye West,,,89,,PARTYNEXTDOOR,271386.0,2018-06-01 00:00:00,78.0,ye,Kanye West,Ghost Town,7vgTNTaEz3CsBZ1N4YQalM
Cigarette DaydreamsCage The Elephant,,,69,89,,208760.0,2013-10-08 00:00:00,80.0,Melophobia,Cage The Elephant,Cigarette Daydreams,2tznHmp70DxMyr2XhWLOW0
SaraDarius Rucker,88,,,,,219866.0,2023-10-06 00:00:00,28.0,Carolyn's Boy,Darius Rucker,Sara,0XTno2fRFMFGPJG95RxQSR
screenHARDY,,88,,,,227951.0,2023-01-20 00:00:00,45.0,the mockingbird & THE CROW,HARDY,screen,5bLUk3nEJoFAmNMc8WHWIh
Forget You (feat. Gwyneth Paltrow)Glee Cast,,,88,,Gwyneth Paltrow,221360.0,2010-11-26 00:00:00,48.0,"Glee: The Music, Volume 4",Glee Cast,Forget You (feat. Gwyneth Paltrow),0so0moYLqkFWE6dquoCOsh
Slow BurnKacey Musgraves,,,,88,,246133.0,2018-03-30 00:00:00,67.0,Golden Hour,Kacey Musgraves,Slow Burn,6ET9kf9riLETWs9lePUEAI
Backseat DriverKane Brown,87,,,,,228066.0,2024-10-11 00:00:00,67.0,The High Road,Kane Brown,Backseat Driver,68SYsp6XfIEnlDYMgMyxUv
MontanaPierce Edens,,87,,,,309734.0,2012-06-29 00:00:00,35.0,Pierce Edens,Pierce Edens,Montana,6iUYqKyjgFBiHwRQPlltWn
Keep the Customer SatisfiedSimon & Garfunkel,,,87,,,155373.0,1970-01-26 00:00:00,46.0,Bridge Over Troubled Water,Simon & Garfunkel,Keep the Customer Satisfied,4uIjNF84ZbteunNMxr4Xc0
Close To YouGracie Abrams,,,,87,,225973.0,2024-06-20 00:00:00,83.0,The Secret of Us,Gracie Abrams,Close To You,5wbg8kepMFoMzHOEuxiI0q
Goes Without Saying (Feat. Brad Paisley)Post Malone,86,,,,Brad Paisley,212353.0,2024-08-15 00:00:00,61.0,F-1 Trillion,Post Malone,Goes Without Saying (Feat. Brad Paisley),20hTkA9oKKuxghkRptRczS
East Side of SorrowZach Bryan,,86,,,,209320.0,2023-08-25 00:00:00,70.0,Zach Bryan,Zach Bryan,East Side of Sorrow,00syWkRGIVQvYsg2OwfBUw
ShakeJesse McCartney,,,86,,,188560.0,2010-09-12 00:00:00,42.0,,Jesse McCartney,Shake,6L6CPMkduYn5Ty1t1lx0sc
Fair GameDayglow,,,,86,,262500.0,2019-11-14 00:00:00,43.0,Fuzzybrain,Dayglow,Fair Game,5ZFKYhcWTiBNeeE0ZHqJeL
Every Night Every MorningMaddie & Tae,85,,,,,198000.0,2022-06-24 00:00:00,52.0,Through The Madness Vol. 2,Maddie & Tae,Every Night Every Morning,3dKFOqjSQ2nMaz0q08APjS
AmericanMacklemore,,85,,,,253640.0,2010-01-05 00:00:00,36.0,,Macklemore,American,5m4X2HQ0eiviwuKPoREanT
Tenth Avenue Freeze-OutBruce Springsteen,,,85,,,190466.0,1975-08-25 00:00:00,51.0,Born To Run,Bruce Springsteen,Tenth Avenue Freeze-Out,4Gmdm6oRVwJgsM8gYnwRoE
Rolling in the DeepAdele,,,,85,,228093.0,2011-01-17 00:00:00,77.0,21,Adele,Rolling in the Deep,1c8gk2PeTE04A1pIDH9YMk
II MOST WANTEDBeyoncé,84,,,,Miley Cyrus,208521.0,2024-03-27 00:00:00,68.0,COWBOY CARTER,Beyoncé,II MOST WANTED,1UP7PXne1lIYZB5G5aiRGL
DoughKey Glock,,84,,,,198866.0,2020-01-31 00:00:00,67.0,Yellow Tape,Key Glock,Dough,2rw5cbtHTyzy8iruujD28d
Rather Be (feat. Jess Glynne)Clean Bandit,,,84,,Jess Glynne,227833.0,2014-01-17 00:00:00,72.0,New Eyes,Clean Bandit,Rather Be (feat. Jess Glynne),3s4U7OHV7gnj42VV72eSZ6
Movie StarTrousdale,,,,84,,220212.0,2023-04-27 00:00:00,38.0,Out Of My Mind,Trousdale,Movie Star,5wOWfWtfKJesbZSkWl4eRH
Whiskey On YouNate Smith,83,,,,,183786.0,2022-05-06 00:00:00,73.0,NATE SMITH (DELUXE),Nate Smith,Whiskey On You,0unNLQbn2xlm2nPcB1pdjS
ResteGIMS,,83,,,Sting,231520.0,2019-04-26 00:00:00,42.0,Ceinture noire (Transcendance),GIMS,Reste,4F0B8TLdJVACskfkkTqHDI
Come Back...Be Here (Taylor's Version)Taylor Swift,,,83,,,223333.0,2021-11-12 00:00:00,65.0,Red (Taylor's Version),Taylor Swift,Come Back...Be Here (Taylor's Version),4pNApnaUWAL2J4KO2eqokq
Blowing SmokeGracie Abrams,,,,83,,232280.0,2024-06-20 00:00:00,73.0,The Secret of Us,Gracie Abrams,Blowing Smoke,0MIJFuEJpmgSjNjkbq29TQ
TasteSabrina Carpenter,82,,,61,,157279.0,2024-08-23 00:00:00,90.0,Short n' Sweet,Sabrina Carpenter,Taste,5G2f63n7IPVPPjfNIGih7Q
HAPPY HOUR (feat. Knox)HARDY,76,82,,,Knox,161352.0,2024-07-12 00:00:00,51.0,Quit!!,HARDY,HAPPY HOUR (feat. Knox),6WxuJ0miXSbI56DbuxQODG
If I Can't Have YouYvonne Elliman,,,82,,,177960.0,1977-11-15 00:00:00,60.0,Night Flight,Yvonne Elliman,If I Can't Have You,6GQLHDE3YwtVUdDcMv8xwf
The KillMaggie Rogers,,,,82,,251600.0,2024-04-12 00:00:00,60.0,Don't Forget Me,Maggie Rogers,The Kill,06qDEAG26TspT2yK2NLgEZ
She Won't Be Lonely LongClay Walker,81,,,,,209253.0,2010-06-08 00:00:00,68.0,She Won't Be Lonely Long,Clay Walker,She Won't Be Lonely Long,0158TMiGmHyibaDeaUKayX
I'm Different2 Chainz,,81,,,,207040.0,2012-01-01 00:00:00,57.0,Based On A T.R.U. Story (Deluxe),2 Chainz,I'm Different,6J5sxraPPZ4b0CVOGAgpXj
This Is ItTrousdale,,,81,,,195157.0,2021-07-16 00:00:00,31.0,,Trousdale,This Is It,0AZjGAFciL2GpwoBqDxgg9
CoincidenceSabrina Carpenter,,,,81,,164202.0,2024-08-23 00:00:00,77.0,Short n' Sweet,Sabrina Carpenter,Coincidence,5oIVNm56t6OIf9ZjdEG3ud
NumbLinkin Park,80,,,,,187520.0,2003-03-25 00:00:00,86.0,Meteora,Linkin Park,Numb,2nLtzopw4rPReszdYBJU6h
DirtKey Glock,,80,,,,199293.0,2023-02-22 00:00:00,48.0,Glockoma 2,Key Glock,Dirt,04nN9vTH0g61TjyrM0nK2c
Rich GirlDaryl Hall & John Oates,,,80,,,142786.0,1976-08-01 00:00:00,78.0,Bigger Than Both Of Us,Daryl Hall & John Oates,Rich Girl,0qRR9d89hIS0MHRkQ0ejxX
I'll Be WaitingAdele,,,,80,,241351.0,2011-01-24 00:00:00,51.0,21,Adele,I'll Be Waiting,5AKAyMEL5LqCkafztPdBSI
You For A ReasonWarren Zeiders,79,,,,,183133.0,2024-10-18 00:00:00,68.0,,Warren Zeiders,You For A Reason,10QxsSJlNl8jrylYL5XGJO
emo girl (feat. WILLOW)mgk,,79,,,WILLOW,159096.0,2022-03-25 00:00:00,62.0,mainstream sellout,mgk,emo girl (feat. WILLOW),3tBZ60j1jQ7NJm8IjelyQe
There She GoesThe La's,,,79,,,162186.0,1990-01-01 00:00:00,74.0,The La's,The La's,There She Goes,4c6vZqYHFur11FbWATIJ9P
SnowshoesCaamp,,,,79,,204560.0,2022-06-24 00:00:00,64.0,Lavender Days,Caamp,Snowshoes,69BWKQ0qeTnPHdk4lxuLcD
Right About YouPost Malone,78,,,,,183046.0,2024-08-15 00:00:00,57.0,F-1 Trillion,Post Malone,Right About You,7k2nR2eTRVuzAMCXUj3HMv
Mon coeur avait raison - Pilule bleueGIMS,,78,,,,242586.0,2015-08-28 00:00:00,51.0,Mon coeur avait raison,GIMS,Mon coeur avait raison - Pilule bleue,2GzbeXhNYv3X1F588zT7vl
Diet PepsiAddison Rae,,,78,,,169697.0,2024-08-09 00:00:00,84.0,,Addison Rae,Diet Pepsi,6MzofobZt2dm0Kf1hTThFz
Come Down SoonLizzy McAlpine,,,,78,,224960.0,2024-04-05 00:00:00,53.0,Older,Lizzy McAlpine,Come Down Soon,6rEcXviYlZCEx01m1z7qZv
She Got the Best of MeLuke Combs,77,,,,,183160.0,2018-06-01 00:00:00,78.0,This One's for You Too (Deluxe Edition),Luke Combs,She Got the Best of Me,698eQRku24PIYPQPHItKlA
"Heaven, IowaFall Out Boy",,77,,,,236754.0,2023-03-24 00:00:00,49.0,So Much (For) Stardust,Fall Out Boy,"Heaven, Iowa",3GKg5UKHIi1Tj2Noz5N0F5
You're Sixteen (You’re Beautiful And You’re Mine)Ringo Starr,,,77,,,169693.0,1973-01-01 00:00:00,48.0,Ringo,Ringo Starr,You're Sixteen (You’re Beautiful And You’re Mine),4MAxWahEbzU8m4bD6mSZg9
You Could Start A CultNiall Horan,,,,77,,200497.0,2023-06-09 00:00:00,53.0,The Show,Niall Horan,You Could Start A Cult,3iVmzeoFR0AZrn8EYFnEsB
Die TryingKey Glock,,76,,,,153106.0,2022-11-17 00:00:00,69.0,,Key Glock,Die Trying,4qNYl4NkngYRqf6DtTyD9I
There's Your TroubleThe Chicks,,,76,,,193064.0,1998-01-27 00:00:00,62.0,Wide Open Spaces,The Chicks,There's Your Trouble,69m9WDPBvemwujQwdONslk
You Are the Best ThingRay LaMontagne,,,,76,,231840.0,2008-10-13 00:00:00,68.0,Gossip In The Grain,Ray LaMontagne,You Are the Best Thing,1jyddn36UN4tVsJGtaJfem
World on FireNate Smith,75,,,,,189986.0,2023-04-28 00:00:00,75.0,NATE SMITH (DELUXE),Nate Smith,World on Fire,5ya0TmUQw2wHMkq36rPsnd
TombéM. Pokora,,75,,,,233800.0,2019-04-12 00:00:00,44.0,PYRAMIDE,M. Pokora,Tombé,3EiDyqPIjDDo6F8RS5Lj4t
SkateBruno Mars,,,75,,Anderson .Paak,203122.0,2021-11-11 00:00:00,68.0,An Evening With Silk Sonic,Bruno Mars,Skate,7jvCeWOSnJs2N3spqobWnO
Pink Pony ClubChappell Roan,,,11,75,,258034.0,2022-04-23 00:00:00,87.0,The Rise and Fall of a Midwest Princess,Chappell Roan,Pink Pony Club,1k2pQc5i348DCHwbn5KTdc
Pretty Little PoisonWarren Zeiders,74,,,,,218260.0,2023-03-17 00:00:00,76.0,Pretty Little Poison,Warren Zeiders,Pretty Little Poison,0MIp9iBm1V41ERxkZnmSUG
Quittin' TimeZach Bryan,,74,,,,220885.0,2022-07-15 00:00:00,66.0,,Zach Bryan,Quittin' Time,50Emgupm363qIrYBe20FR3
Grease - 2007 RemasterFrankie Valli,,,74,,,207306.0,1978-01-01 00:00:00,65.0,Frankie Valli...Is The Word,Frankie Valli,Grease - 2007 Remaster,5Vrczz39CvlD3OGCa6utoA
All Falls DownLizzy McAlpine,,,,74,,171840.0,2024-04-05 00:00:00,56.0,Older,Lizzy McAlpine,All Falls Down,46kXlOq68HXFrhkxGV6qtI
ChemicalPost Malone,73,,,,,184013.0,2023-04-14 00:00:00,75.0,The Diamond Collection (Deluxe),Post Malone,Chemical,5w40ZYhbBMAlHYNDaVJIUu
Iowa WhoreYung Buttpiss,,73,,,,159408.0,2022-08-16 00:00:00,3.0,Baby Brains,Yung Buttpiss,Iowa Whore,00j7iDi26rWOK6Q1FEv5Jt
BURN¥$,,,73,,Kanye West,111477.0,2024-02-09 00:00:00,70.0,VULTURES 1,¥$,BURN,7BPadP3q9qwMkho3IMPU99
You Go Down SmoothLake Street Dive,,,,73,,209400.0,2014-02-18 00:00:00,52.0,Bad Self Portraits,Lake Street Dive,You Go Down Smooth,2NVTpSoonYCVm7RE8zczEy
If I'm HonestTrousdale,72,,,12,,162701.0,2023-08-18 00:00:00,48.0,Out Of My Mind,Trousdale,If I'm Honest,0BjqRekzGWZ4es58rTkza9
One Last BreathCreed,,72,,,,238240.0,2001-01-01 00:00:00,81.0,Weathered,Creed,One Last Breath,42T2QQv3xgBlpQxaSP7lnK
Last Train HomeJohn Mayer,,,72,,,187306.0,2021-07-16 00:00:00,60.0,Sob Rock,John Mayer,Last Train Home,0tgBtQ0ISnMQOKorrN9HLX
PoemsCouch,,,,72,,189135.0,2022-09-23 00:00:00,45.0,,Couch,Poems,0B2SaH1ByxhJnoN3VlGnrn
The Hardest PartOlivia Dean,71,,,,,176048.0,2020-08-07 00:00:00,71.0,Messy,Olivia Dean,The Hardest Part,3cPoiK69oQ1SdbB2j2ulGm
Friday - Rebecca's Black & White RemixFlo Rida,,71,,,,155624.0,2024-08-23 00:00:00,29.0,,Flo Rida,Friday - Rebecca's Black & White Remix,0uimoUttVoJT9WV1j2LZqy
"I Can't Help Myself (Sugar Pie, Honey Bunch)Four Tops",,,71,,,160280.0,1965-01-01 00:00:00,73.0,Four Tops - Second Album,Four Tops,"I Can't Help Myself (Sugar Pie, Honey Bunch)",6b6IMqP565TbtFFZg9iFf3
It Was Coming All AlongMaggie Rogers,,,,71,,207280.0,2024-04-12 00:00:00,50.0,Don't Forget Me,Maggie Rogers,It Was Coming All Along,2SSdjwuUQlkO0s6Kb4II8x
The Emptiness MachineLinkin Park,70,,,,,190427.0,2024-09-05 00:00:00,82.0,From Zero,Linkin Park,The Emptiness Machine,1EDPVGbyPKJPeGqATwXZvN
Tout au bout du mondeTibz,,70,,,,178573.0,2019-10-25 00:00:00,18.0,,Tibz,Tout au bout du monde,72nSMmmhc9ScOVgKt5TXia
SanteriaSublime,,,70,,,182746.0,1996-07-30 00:00:00,79.0,Sublime,Sublime,Santeria,2hnMS47jN0etwvFPzYk11f
I KIND OF RELATEDrake Bell,,,,70,,257118.0,2024-03-18 00:00:00,35.0,Non Stop Flight,Drake Bell,I KIND OF RELATE,7uUP4uaSx4zq5GnibE5gZR
LavishTwenty One Pilots,69,,,,,158866.0,2024-05-24 00:00:00,64.0,Clancy,Twenty One Pilots,Lavish,49oxuPnuWOL793zpF6zgLQ
ay! (feat. Lil Wayne)mgk,,69,,,Lil Wayne,124188.0,2022-03-25 00:00:00,61.0,mainstream sellout,mgk,ay! (feat. Lil Wayne),1T4tQ4SSagbhAKpvcWg035
HighroadSir Woman,,,,69,,230249.0,2019-06-11 00:00:00,58.0,,Sir Woman,Highroad,6q8nlNnBLSAn5tU6tH9Zlz
Too Good to be TrueKacey Musgraves,68,,,,,160053.0,2024-03-15 00:00:00,58.0,Deeper Well,Kacey Musgraves,Too Good to be True,27RDQ0TfxzWMlQFuKrPT11
No Role ModelzJ. Cole,,68,,,,292799.0,2014-12-09 00:00:00,85.0,2014 Forest Hills Drive,J. Cole,No Role Modelz,68Dni7IE4VyPkTOH9mRWHr
How Do You Sleep? - Radio Edit RemixJesse McCartney,,,68,,Ludacris,208333.0,2008-01-01 00:00:00,52.0,Departure - Recharged,Jesse McCartney,How Do You Sleep? - Radio Edit Remix,3jkdQNkDTxxXtjSO4l0o1H
so americanOlivia Rodrigo,,,,68,,169717.0,2024-03-22 00:00:00,75.0,GUTS (spilled),Olivia Rodrigo,so american,5Jh1i0no3vJ9u4deXkb4aV
Girl On FireKameron Marlowe,67,63,,,,173706.0,2022-06-10 00:00:00,57.0,We Were Cowboys,Kameron Marlowe,Girl On Fire,3aMDzPibtzIRWzASMH44JF
We Didn’t Start The Fire (Bonus Track)Fall Out Boy,,67,,,,215530.0,2023-03-24 00:00:00,58.0,So Much (For) Stardust,Fall Out Boy,We Didn’t Start The Fire (Bonus Track),22H7neCMj03ifZXlix1B6h
Brandy (You're a Fine Girl)Looking Glass,,,67,,,186826.0,1972-01-01 00:00:00,76.0,Looking Glass,Looking Glass,Brandy (You're a Fine Girl),2BY7ALEWdloFHgQZG6VMLA
You Know ItColony House,,,,67,,182266.0,2016-06-24 00:00:00,56.0,Only The Lonely,Colony House,You Know It,169pWCmfvVazzcL4EXFPgL
What You've Been ThroughBRELAND,66,,,,,168637.0,2024-10-18 00:00:00,24.0,,BRELAND,What You've Been Through,7rFYrQfPCNVsZOY7ld2YVX
I'm Just Ken (From Barbie The Album)Ryan Gosling,,66,,,,222633.0,2023-07-21 00:00:00,54.0,,Ryan Gosling,I'm Just Ken (From Barbie The Album),7jPdqwZug0ovtDZsY5uK4T
Have A Nice DayStereophonics,,,66,,,205066.0,2001-01-01 00:00:00,63.0,Just Enough Education To Perform,Stereophonics,Have A Nice Day,6JWddKPdqvDc2WkPEi9grC
Stubborn LoveThe Lumineers,,,,66,,279000.0,2012-04-03 00:00:00,77.0,The Lumineers,The Lumineers,Stubborn Love,4wG82w1L31yQhgGiWt6gIb
RiskGracie Abrams,65,49,,46,,191586.0,2024-06-20 00:00:00,79.0,The Secret of Us,Gracie Abrams,Risk,5JiU3gLHz9AvUnrhXgOmos
ForeverDrake,,65,,,Kanye West,357706.0,2009-01-01 00:00:00,75.0,Relapse: Refill,Drake,Forever,5UsLjwBaTHBX4ektWIr4XX
augustTaylor Swift,,,65,,,261922.0,2020-07-24 00:00:00,82.0,folklore,Taylor Swift,august,3hUxzQpSfdDqwM3ZTFQY0K
L.A.Couch,,,,65,,189470.0,2023-11-03 00:00:00,39.0,,Couch,L.A.,19JPKFRxR6Kf90mQR3ixOi
She Calls Me Back (with Kacey Musgraves)Noah Kahan,64,,,,Kacey Musgraves,243962.0,2023-10-06 00:00:00,69.0,Stick Season (Forever),Noah Kahan,She Calls Me Back (with Kacey Musgraves),0MpQPb1hrwk4dPiyWEGmer
Love in This Club (feat. Young Jeezy)USHER,,64,55,,Jeezy,259720.0,2008-05-27 00:00:00,73.0,Here I Stand,USHER,Love in This Club (feat. Young Jeezy),5j0McHPthKpOXRr3fBq8M0
BODYGUARDBeyoncé,,,64,,,240254.0,2024-03-27 00:00:00,70.0,COWBOY CARTER,Beyoncé,BODYGUARD,6Y4rniIxibegzsg8cdWAWV
One And OnlyAdele,,,,64,,348226.0,2011-01-24 00:00:00,65.0,21,Adele,One And Only,43dcCpx19I0R4zLr4KH1UC
OvercompensateTwenty One Pilots,63,,,,,236000.0,2024-02-29 00:00:00,69.0,Clancy,Twenty One Pilots,Overcompensate,1LAlLBTGBUO0MDA8IbSysd
AlaskaMaggie Rogers,,,63,,,188000.0,2017-02-16 00:00:00,69.0,Heard It In A Past Life,Maggie Rogers,Alaska,4HfLQJtVT1KiX1eVedDyTm
Felt Good About YouGracie Abrams,,,,63,,164693.0,2024-06-20 00:00:00,64.0,The Secret of Us,Gracie Abrams,Felt Good About You,5bjB0xPlN7fR1roEedzQvg
Same Work (feat. The War And Treaty)BRELAND,62,,,,The War And Treaty,170645.0,2024-10-18 00:00:00,29.0,,BRELAND,Same Work (feat. The War And Treaty),3BH2a8rOc8nnB6tm0KJUhu
Wonderwall - RemasteredOasis,,62,,,,258773.0,1995-01-01 00:00:00,78.0,(What's The Story) Morning Glory? (Deluxe Remastered Edition),Oasis,Wonderwall - Remastered,7ygpwy2qP3NbrxVkHvUhXY
Gimme ShelterThe Rolling Stones,,,62,,,270773.0,1969-12-05 00:00:00,75.0,Let It Bleed,The Rolling Stones,Gimme Shelter,6H3kDe7CGoWYBabAeVWGiD
Red Wine SupernovaChappell Roan,,,3,62,,192720.0,2023-05-17 00:00:00,84.0,The Rise and Fall of a Midwest Princess,Chappell Roan,Red Wine Supernova,7FOgcfdz9Nx5V9lCNXdBYv
Had It AllGabby Barrett,61,,,,,227440.0,2024-02-02 00:00:00,26.0,Chapter & Verse,Gabby Barrett,Had It All,4GyZ7Cc8K7Es48vMyiOso2
Miss That GirlERNEST,,61,,,,137850.0,2022-12-16 00:00:00,46.0,FLOWER SHOPS (THE ALBUM): Two Dozen Roses,ERNEST,Miss That Girl,2r6rQc8mbPzWERVtdBR7lV
I Love The Nightlife (Disco 'Round)Alicia Bridges,,,61,,,187973.0,1978-01-01 00:00:00,50.0,I Love The Nightlife,Alicia Bridges,I Love The Nightlife (Disco 'Round),6c0G8K6G2LlIfJTsRLJjfs
Memory LaneOld Dominion,60,,,,,172480.0,2023-01-05 00:00:00,70.0,Memory Lane,Old Dominion,Memory Lane,1nrgBXtczBXNSlqIezjwbR
Safe and SoundCapital Cities,,60,,,,192789.0,2013-06-04 00:00:00,83.0,In A Tidal Wave of Mystery,Capital Cities,Safe and Sound,5JVbvCHX10U2pLa5DEqGav
HoudiniDua Lipa,,,60,,,185917.0,2023-11-09 00:00:00,83.0,Radical Optimism,Dua Lipa,Houdini,6D8y7Bck8h11byRY88Pt2z
My WayFrank Sinatra,,,,60,,276800.0,1969-03-01 00:00:00,73.0,My Way (Expanded Edition),Frank Sinatra,My Way,3spdoTYpuCpmq19tuD0bOe
DoubtTwenty One Pilots,59,,,,,191493.0,2015-05-15 00:00:00,72.0,Blurryface,Twenty One Pilots,Doubt,57yL3161hUMuw06zzzUCHi
Open the GateZach Bryan,,59,,,,234771.0,2022-05-06 00:00:00,74.0,American Heartbreak,Zach Bryan,Open the Gate,6pamafD9p0K7FHfJPz6TYF
SedonaHoundmouth,,,59,,,239881.0,2015-03-17 00:00:00,65.0,Little Neon Limelight,Houndmouth,Sedona,2MQhTbX792AT6YyzwLz9dt
Let It HappenGracie Abrams,,,,59,,260946.0,2024-06-20 00:00:00,69.0,The Secret of Us,Gracie Abrams,Let It Happen,7mFhyM0k5ZKG8jxcwmPVYl
The Age of Worry - Live at Electric LadyYebba,58,,,,,227880.0,2022-01-25 00:00:00,39.0,,Yebba,The Age of Worry - Live at Electric Lady,66OrNUst0atPTFTVeJsBOI
Friday NightEric Paslay,,58,,,,167213.0,2014-01-01 00:00:00,56.0,Eric Paslay,Eric Paslay,Friday Night,66rVt7PbwyKlu6CK6rxyAi
greedyTate McRae,,,58,,,131872.0,2023-09-15 00:00:00,86.0,THINK LATER,Tate McRae,greedy,3rUGC1vUpkDG9CZFHMur1t
U SmileJustin Bieber,,,,58,,196906.0,2010-01-01 00:00:00,61.0,My World 2.0,Justin Bieber,U Smile,6Xw2FLih8m5ItDbyP992HH
Ain't No Love In Oklahoma (From Twisters: The Album)Luke Combs,57,,,,,210950.0,2024-05-16 00:00:00,83.0,,Luke Combs,Ain't No Love In Oklahoma (From Twisters: The Album),6GG4yyk3UATdBfTHVgI8PB
Gang Shit No Lame ShitKey Glock,,57,,,,131600.0,2018-11-23 00:00:00,70.0,Glockoma,Key Glock,Gang Shit No Lame Shit,6gbiTbclnHlmSIPfmF2zEc
us. (feat. Taylor Swift)Gracie Abrams,,,57,26,Taylor Swift,242666.0,2024-06-20 00:00:00,78.0,The Secret of Us,Gracie Abrams,us. (feat. Taylor Swift),0hhzNPE68LWLfgZwdpxVdR
Junior VarsityDayglow,,,,57,,252400.0,2019-11-14 00:00:00,42.0,Fuzzybrain,Dayglow,Junior Varsity,08TjqEEAO32VuF002ePbTz
Love MyselfHailee Steinfeld,56,,,,,218773.0,2016-02-26 00:00:00,68.0,,Hailee Steinfeld,Love Myself,36phXHOKx8rO7CMp2vNX4x
my ex's best friend (with blackbear)mgk,,56,,,blackbear,139460.0,2020-09-25 00:00:00,71.0,Tickets To My Downfall,mgk,my ex's best friend (with blackbear),7kDUspsoYfLkWnZR7qwHZl
Rhinestone CowboyGlen Campbell,,,56,,,194453.0,1975-01-01 00:00:00,65.0,Rhinestone Cowboy (Expanded Edition),Glen Campbell,Rhinestone Cowboy,0VwTeYNjcl30DyQlt3GPe0
Guy I Used To BeLawrence,,,,56,,227200.0,2024-04-05 00:00:00,46.0,Family Business,Lawrence,Guy I Used To Be,26o178cDBPoinFN2L9e4UN
Midwest IndigoTwenty One Pilots,55,,,,,196266.0,2024-05-24 00:00:00,67.0,Clancy,Twenty One Pilots,Midwest Indigo,7GVQS66ukm48XZVymA3ZUg
Flagpole SittaThe All-American Rejects,,55,,,,223003.0,2024-09-13 00:00:00,43.0,,The All-American Rejects,Flagpole Sitta,4d1WMnL8dMh37ZZnMGvG59
vampireOlivia Rodrigo,,,,55,,219724.0,2023-09-08 00:00:00,83.0,GUTS,Olivia Rodrigo,vampire,1kuGVB7EU95pJObxwvfwKS
Last NightMorgan Wallen,54,,,,,163854.0,2023-01-31 00:00:00,79.0,One Thing At A Time,Morgan Wallen,Last Night,7K3BhSpAxZBznislvUMVtn
Dirty WorkSteely Dan,,54,,,,190065.0,1972-11-01 00:00:00,69.0,Can't Buy A Thrill,Steely Dan,Dirty Work,3IvTwPCCjfZczCN2k4qPiH
Love Grows (Where My Rosemary Goes)Edison Lighthouse,,,54,,,174760.0,1960-03-09 00:00:00,73.0,Love Grows (Where My Rosemary Goes) & Other Gems,Edison Lighthouse,Love Grows (Where My Rosemary Goes),5Ts1DYOuouQLgzTaisxWYh
So High SchoolTaylor Swift,,,,54,,228800.0,2024-04-19 00:00:00,75.0,THE TORTURED POETS DEPARTMENT: THE ANTHOLOGY,Taylor Swift,So High School,7Mts0OfPorF4iwOomvfqn1
Fast CarLuke Combs,53,,,,,265493.0,2023-03-24 00:00:00,82.0,Gettin' Old,Luke Combs,Fast Car,1Lo0QY9cvc8sUB2vnIOxDT
The Good I'll DoZach Bryan,,53,,,,211315.0,2022-05-20 00:00:00,75.0,American Heartbreak,Zach Bryan,The Good I'll Do,53zCCom4uEoIBaOAEJtjUL
TitleMeghan Trainor,,,53,,,174733.0,2015-01-09 00:00:00,62.0,Title (Deluxe),Meghan Trainor,Title,0k5hoseEJnCAbpRh38dNoI
Bed ChemSabrina Carpenter,,,,53,,171869.0,2024-08-23 00:00:00,87.0,Short n' Sweet,Sabrina Carpenter,Bed Chem,1UHS8Rf6h5Ar3CDWRd3wjF
HeroCharlie Puth,52,,,,,196752.0,2024-05-23 00:00:00,59.0,,Charlie Puth,Hero,5TTyyKNJZHONhjtAiXL1nG
Time of Day (with mgk)Jelly Roll,,52,,,mgk,191146.0,2024-10-10 00:00:00,56.0,Beautifully Broken,Jelly Roll,Time of Day (with mgk),7F3suGXGa7XtKdqsG8N6RC
So Hot You're Hurting My FeelingsCaroline Polachek,,,52,,,183861.0,2019-09-16 00:00:00,64.0,Pang,Caroline Polachek,So Hot You're Hurting My Feelings,5B6Kjha6RRIMWGN7zGsAaT
The FormerSteinza,,,,52,,157500.0,2023-01-11 00:00:00,54.0,,Steinza,The Former,6CNKcu9SBPWKMkBvMkPRBT
MESSED UP AS MEKeith Urban,51,,,,,196400.0,2024-03-01 00:00:00,57.0,HIGH,Keith Urban,MESSED UP AS ME,5ySgEEGoCBMtomsrN0fOm7
American GirlDierks Bentley,,51,,,,183820.0,2024-02-23 00:00:00,43.0,,Dierks Bentley,American Girl,3PRTKWFigJCi47YAEsBpiP
Half of My HeartJohn Mayer,,,51,,,250373.0,2009-11-13 00:00:00,63.0,Battle Studies,John Mayer,Half of My Heart,7hR5toSPEgwFZ78jfHdANM
"What Was I Made For? [From The Motion Picture ""Barbie""]Billie Eilish",,,,51,,222369.0,2023-07-13 00:00:00,85.0,,Billie Eilish,"What Was I Made For? [From The Motion Picture ""Barbie""]",6wf7Yu7cxBSPrRlWeSeK0Q
Love SomebodyMorgan Wallen,50,43,,,,204828.0,2024-10-18 00:00:00,85.0,,Morgan Wallen,Love Somebody,7hR22TOX3RorxJPcsz5Wbo
Never Let You GoRAC,,50,,,Matthew Koma,224332.0,2020-02-12 00:00:00,35.0,,RAC,Never Let You Go,4ioTh5Nrk0Vp8X3u1tHhob
Nothing From NothingBilly Preston,,,50,,,156200.0,1974-01-01 00:00:00,58.0,The Kids & Me,Billy Preston,Nothing From Nothing,72PoJMDfdaw9gGECgA9kTZ
Midnight HourJamestown Revival,,,,50,,210666.0,2016-10-07 00:00:00,47.0,The Education Of A Wandering Man,Jamestown Revival,Midnight Hour,1Nl0nKMX15Q3c1CS5E3DSM
Grow ApartGabby Barrett,49,,,,,209040.0,2024-02-02 00:00:00,25.0,Chapter & Verse,Gabby Barrett,Grow Apart,7ob2RAHoWaQsIZ6XaoaEnG
BIRDS OF A FEATHERBillie Eilish,,,49,,,210373.0,2024-05-17 00:00:00,97.0,HIT ME HARD AND SOFT,Billie Eilish,BIRDS OF A FEATHER,6dOtVTDdiauQNBQEDOtlAB
omwAshe,,,,49,,171161.0,2022-10-12 00:00:00,35.0,Rae,Ashe,omw,4fCURHaPS3CQBcYsnTidvW
Your BonesChelsea Cutler,48,,,,,159400.0,2023-08-30 00:00:00,55.0,Stellaria,Chelsea Cutler,Your Bones,7zBg6qxuNUz0mBdr85l6ng
bloody valentinemgk,,48,,,,205158.0,2020-06-05 00:00:00,67.0,Tickets To My Downfall,mgk,bloody valentine,6mADjHs6FXdroPzEGW6KVJ
RememberBecky Hill,,,48,,David Guetta,160766.0,2021-06-18 00:00:00,70.0,Only Honest On The Weekend (Deluxe),Becky Hill,Remember,4laAKIq9ZxBCwf99rauPYb
Go ThereTrousdale,,,,48,,202316.0,2023-09-15 00:00:00,35.0,Out Of My Mind,Trousdale,Go There,5KeIVGRr2dEmUJDuwEzQB8
Don't Forget MeMaggie Rogers,47,,,4,,265360.0,2024-02-08 00:00:00,57.0,Don't Forget Me,Maggie Rogers,Don't Forget Me,5tlXwZ4m7dbRZyG4natJZ1
Let's Twist AgainChubby Checker,,47,,,,137360.0,1961-01-01 00:00:00,67.0,It's Pony Time/Let's Twist Again,Chubby Checker,Let's Twist Again,1INWPr855fwWdAOeecbu0W
Five More MinutesThe War And Treaty,,,47,6,,223880.0,2020-07-16 00:00:00,37.0,Hearts Town,The War And Treaty,Five More Minutes,5I9K1oVuO22OehDQZnxdr2
Modern GirlBleachers,,,,47,,223100.0,2023-09-20 00:00:00,56.0,Bleachers,Bleachers,Modern Girl,45bMR5YEj1fsOVkcHbVW6s
Bad LuckZach Top,46,,,,,199247.0,2022-10-28 00:00:00,75.0,Cold Beer & Country Music,Zach Top,Bad Luck,1OYHXCuHdzHjpHqHlY1g1r
On pourraitSARA'H,,46,,,,195982.0,2021-10-22 00:00:00,36.0,,SARA'H,On pourrait,0Mr9OCnxOxbnFpmmCa85x2
If It Wasn't For The NightsABBA,,,46,,,309320.0,1979-01-01 00:00:00,56.0,Voulez-Vous,ABBA,If It Wasn't For The Nights,3R47KOuGuGvmoeQqbODPa3
Off The HighwayGabby Barrett,45,,,,,178800.0,2024-02-02 00:00:00,25.0,Chapter & Verse,Gabby Barrett,Off The Highway,3COk8dMEndoyUTFdCxHHN8
123 (Version Française)Craig Smart,,45,,,,186038.0,2012-11-13 00:00:00,17.0,,Craig Smart,123 (Version Française),2ap0aBgxnBfS2GZARlx1z7
One Of Your GirlsTroye Sivan,,,45,,,181481.0,2023-10-13 00:00:00,74.0,Something To Give Each Other,Troye Sivan,One Of Your Girls,5Eh1nj7IjV9lwpcKAkidyY
But Daddy I Love HimTaylor Swift,,,,45,,340428.0,2024-04-18 00:00:00,71.0,THE TORTURED POETS DEPARTMENT,Taylor Swift,But Daddy I Love Him,4QMgEffJQuKtjCNvqfRZ0m
IllusionDua Lipa,44,,,,,188143.0,2024-04-11 00:00:00,75.0,Radical Optimism,Dua Lipa,Illusion,5q0EXnBYyeCdXD72FzJxH0
EmmaVianney,,44,,,,209503.0,2021-11-19 00:00:00,33.0,N'attendons pas (Deluxe),Vianney,Emma,6iCW2e9BR83fJLit5BFchl
"Good Luck, Babe!Chappell Roan",6,,44,32,,218423.0,2024-04-05 00:00:00,93.0,,Chappell Roan,"Good Luck, Babe!",0WbMK4wrZ1wFSty9F7FCgu
Workin' on Lovin'Juice,,,,44,,234026.0,2018-06-14 00:00:00,45.0,,Juice,Workin' on Lovin',6bPF8VDAb12I4TG7IZjVeX
The PainterCody Johnson,43,,,,,211413.0,2023-08-11 00:00:00,74.0,Leather,Cody Johnson,The Painter,5DQU4Fmdx7Hs7pwtcZMSTK
Tired of Being AloneAl Green,,,43,,,172320.0,1971-08-14 00:00:00,69.0,Gets Next to You,Al Green,Tired of Being Alone,10vkYRKw6Jjr7try1ir50G
DrunkMaggie Rogers,,,,43,,204800.0,2024-04-12 00:00:00,48.0,Don't Forget Me,Maggie Rogers,Drunk,353l8u2CCNBek7Nd3Q3Txa
Rien qu'une foisKeen' V,,42,,,,195897.0,2016-06-17 00:00:00,39.0,Là où le vent me mène (Summer Edition),Keen' V,Rien qu'une fois,0fsjGGhENGu1notSXZYU7m
Fortnight (feat. Post Malone)Taylor Swift,,,42,,Post Malone,228965.0,2024-04-18 00:00:00,83.0,THE TORTURED POETS DEPARTMENT,Taylor Swift,Fortnight (feat. Post Malone),2OzhQlSqBEmt7hmkYxfT6m
"I Love You, I'm SorryGracie Abrams",,,,42,,157146.0,2024-06-20 00:00:00,88.0,The Secret of Us,Gracie Abrams,"I Love You, I'm Sorry",51rfRCiUSvxXlCSCfIztBy
Where It EndsBailey Zimmerman,41,,,,,179294.0,2022-08-19 00:00:00,75.0,Religiously. The Album.,Bailey Zimmerman,Where It Ends,0wXThIDxO3YRJCpPgnmbkw
Making Love to the 2024 Vancouver CanucksIvan Hrvatska,,41,,,,133166.0,2024-05-05 00:00:00,1.0,,Ivan Hrvatska,Making Love to the 2024 Vancouver Canucks,2at8MSHDZp9QTDo2mdHP4d
If You Wanna Be HappyJimmy Soul,,,41,,,143000.0,2012-01-10 00:00:00,49.0,"Frank Guida Presents: Jimmy Soul ""If You Wanna Be Happy""",Jimmy Soul,If You Wanna Be Happy,7D97JnBT73FWUh9KmRvP9M
strangerOlivia Rodrigo,,,,41,,192771.0,2024-03-22 00:00:00,72.0,GUTS (spilled),Olivia Rodrigo,stranger,2U3jOPfO4wZZFaaWS4Dcj6
Sweet SerendipityLee DeWyze,40,,,,,198280.0,2003-01-01 00:00:00,38.0,10th Anniversary - The Hits - Volume 1,Lee DeWyze,Sweet Serendipity,6206Kvrl6LTMvDomHgEDMH
Let's GoKey Glock,,40,,,,140106.0,2023-06-23 00:00:00,73.0,Glockoma 2 (Deluxe),Key Glock,Let's Go,5GCU2LJWPzoP8Q6nexs61z
Too SweetHozier,12,,40,,,251424.0,2024-03-22 00:00:00,78.0,Unreal Unearth: Unaired,Hozier,Too Sweet,76JKIsdKrAfWUMjaA0u7v5
Wouldn't Come BackTrousdale,,,,40,,219533.0,2021-01-15 00:00:00,54.0,,Trousdale,Wouldn't Come Back,1zeQjPT367QcGrkpIXYjuW
Nosedive (Feat. Lainey Wilson)Post Malone,39,,,,Lainey Wilson,192459.0,2024-08-15 00:00:00,68.0,F-1 Trillion,Post Malone,Nosedive (Feat. Lainey Wilson),25uMKq5kygC2woAfeetEfE
We Bring The BOOM!A.J. & Big Justice,,39,,,,120192.0,2024-07-03 00:00:00,47.0,,A.J. & Big Justice,We Bring The BOOM!,1c5saluqPZlN0v9clGKTcw
get him back!Olivia Rodrigo,,,39,24,,211141.0,2023-09-08 00:00:00,76.0,GUTS,Olivia Rodrigo,get him back!,2gyxAWHebV7xPYVxqoi86f
Who’s Afraid of Little Old Me?Taylor Swift,,,,39,,334084.0,2024-04-18 00:00:00,73.0,THE TORTURED POETS DEPARTMENT,Taylor Swift,Who’s Afraid of Little Old Me?,36t6frENUtCYKuZus6aYDO
Paladin StraitTwenty One Pilots,38,,,,,388586.0,2024-05-24 00:00:00,64.0,Clancy,Twenty One Pilots,Paladin Strait,5HvDKyJlHWg42BdsE4ycSm
Should've Been A CowboyToby Keith,,38,,,,211306.0,1993-04-20 00:00:00,72.0,Toby Keith,Toby Keith,Should've Been A Cowboy,4TJUS843fKiqqIzycM74Oy
Mr. NaturalBee Gees,,,38,,,228466.0,1974-01-01 00:00:00,28.0,Mr. Natural,Bee Gees,Mr. Natural,2C86Vf9K43LG8GWCHObAzP
Shower With My Clothes OnAshe,,,,38,,184479.0,2022-07-29 00:00:00,36.0,Rae,Ashe,Shower With My Clothes On,3GFC8G5pFOpTCnPR9KFAj5
SelfishJustin Timberlake,37,,,,,229331.0,2024-01-25 00:00:00,65.0,Everything I Thought It Was,Justin Timberlake,Selfish,0QosomGFiJYOxj2ViZfqng
My SacrificeCreed,,37,,,,294600.0,2001-01-01 00:00:00,75.0,Weathered,Creed,My Sacrifice,2VSbEXqs6NbNiZSTcHlIDR
She's A LadyTom Jones,,,37,,,174146.0,1971-05-01 00:00:00,66.0,Tom Jones Sings She's A Lady,Tom Jones,She's A Lady,5JnHzjo25FY1fMQMQVOawB
Dinner with FriendsKacey Musgraves,,,,37,,177733.0,2024-03-15 00:00:00,49.0,Deeper Well,Kacey Musgraves,Dinner with Friends,1wLN48gT4YmUWs4WMgnw2n
All the Time in the WorldStephen Day,36,,,,,163146.0,2019-10-11 00:00:00,43.0,Guess I'm Grown Now,Stephen Day,All the Time in the World,71fcNlXfJu1aWQmABFyZ2j
From AustinZach Bryan,,36,,,,207453.0,2022-02-25 00:00:00,71.0,American Heartbreak,Zach Bryan,From Austin,6k07Z7rd9og1FvRJD2n9E8
Up The Ladder To The RoofThe Supremes,,,36,,,191666.0,1970-04-26 00:00:00,37.0,Right On,The Supremes,Up The Ladder To The Roof,2sHahlW8ib7C7GkuV39tKR
Sweet HomeSYML,,,,36,,248533.0,2022-03-18 00:00:00,51.0,The Day My Father Died,SYML,Sweet Home,7IL4oYjqU58OrarBeQnn0x
Dancing With Your ShadowsPhillip Phillips,35,,,,,177569.0,2023-02-10 00:00:00,47.0,Drift Back,Phillip Phillips,Dancing With Your Shadows,2HfbUxCrf9SWnQy3vndaC6
I Had Some Help (Feat. Morgan Wallen)Post Malone,3,35,,,Morgan Wallen,178205.0,2024-05-10 00:00:00,83.0,F-1 Trillion,Post Malone,I Had Some Help (Feat. Morgan Wallen),5IZXB5IKAD2qlvTPJYDCFB
Everyday PeopleSly & The Family Stone,,,35,,,141506.0,1969-05-03 00:00:00,63.0,Stand,Sly & The Family Stone,Everyday People,4ZVZBc5xvMyV3WzWktn8i7
Guilty as Sin?Taylor Swift,,,,35,,254365.0,2024-04-18 00:00:00,75.0,THE TORTURED POETS DEPARTMENT,Taylor Swift,Guilty as Sin?,799KrpEbhZp0MHeiA8YK9P
Spin You Around (1/24)Morgan Wallen,34,,,,,209427.0,2024-01-26 00:00:00,75.0,,Morgan Wallen,Spin You Around (1/24),47Xj8eIAp7hYOOqArmkqZE
A Bar Song (Tipsy)Shaboozey,32,34,,,,171291.0,2024-04-12 00:00:00,85.0,"Where I've Been, Isn't Where I'm Going",Shaboozey,A Bar Song (Tipsy),2FQrifJ1N335Ljm3TjTVVf
More Than A WomanBee Gees,,,34,,,197213.0,1977-11-15 00:00:00,75.0,,Bee Gees,More Than A Woman,49OMJ1prsRA7ZYgrAjz70c
23Lawrence,,,,34,,189266.0,2023-10-20 00:00:00,39.0,Family Business,Lawrence,23,4APGetG5oDxfKFAb7MRu1B
What Don't Belong To MePost Malone,33,,,,,207176.0,2024-08-15 00:00:00,68.0,F-1 Trillion,Post Malone,What Don't Belong To Me,0lJNSfWnwJMIh94Dv9jQUt
A.M. RADIOThe Lumineers,,33,,,,237320.0,2022-01-14 00:00:00,56.0,BRIGHTSIDE,The Lumineers,A.M. RADIO,32mcz82FOIucA49qkynFVB
SwayKacey Musgraves,,,,33,,191413.0,2024-03-15 00:00:00,51.0,Deeper Well,Kacey Musgraves,Sway,6f2unaaUhIqTkbHsWMbGcm
Dawns (feat. Maggie Rogers)Zach Bryan,,32,,,Maggie Rogers,290892.0,2023-01-27 00:00:00,75.0,,Zach Bryan,Dawns (feat. Maggie Rogers),42TtHTxWk782ZBiqyOi2d1
GorgeousTaylor Swift,,,32,,,209680.0,2017-11-10 00:00:00,74.0,reputation,Taylor Swift,Gorgeous,1ZY1PqizIl78geGM4xWlEA
Miles On ItMarshmello,31,,,,Kane Brown,168355.0,2024-05-03 00:00:00,80.0,The High Road,Marshmello,Miles On It,4pkb8SbRGeHAvdb87v9rpf
HigherCreed,,31,,,,316733.0,1999-01-01 00:00:00,78.0,Human Clay,Creed,Higher,1ZozJfi8u9cO2Ob8KwiwNT
4EVERClairo,,,31,,,159595.0,2018-04-27 00:00:00,74.0,,Clairo,4EVER,5mIOsPuQdXchVY0jB5NO9Q
Can't Get Your Love BackTrousdale,,,,31,,210130.0,2023-07-21 00:00:00,29.0,Out Of My Mind,Trousdale,Can't Get Your Love Back,0B1DzuAnGyav6VsGRYDrjM
Beautiful ThingsBenson Boone,30,,,,,180304.0,2024-01-18 00:00:00,89.0,Fireworks & Rollerblades,Benson Boone,Beautiful Things,3xkHsmpQCBMytMJNiDf3Ii
Up The JunctionSqueeze,,30,,,,191320.0,1979-01-01 00:00:00,54.0,Cool For Cats,Squeeze,Up The Junction,1zU0kAJdEPyRs4x5gkQQER
It's Too LateCarole King,,,30,,,233173.0,1971-01-01 00:00:00,71.0,Tapestry,Carole King,It's Too Late,12q3V8ShACq2PSWINMc2rC
When I'm OlderAshe,,,,30,,170241.0,2021-04-21 00:00:00,35.0,Ashlyn,Ashe,When I'm Older,09Qrzf6qOsYDL1yz9tFUS0
Oldies StationTwenty One Pilots,29,,,,,228000.0,2024-05-24 00:00:00,64.0,Clancy,Twenty One Pilots,Oldies Station,7dI0mSvbdJTynUnEkWIom1
Ambition For CashKey Glock,,29,,,,143480.0,2021-09-30 00:00:00,71.0,Yellow Tape 2,Key Glock,Ambition For Cash,4mIHgQ3ofK2RK34UdbqMbe
BrazilDeclan McKenna,,,29,,,252306.0,2015-12-04 00:00:00,80.0,What Do You Think About the Car?,Declan McKenna,Brazil,4sNG6zQBmtq7M8aeeKJRMQ
You’re Gonna Go FarNoah Kahan,,,,29,,286369.0,2023-06-09 00:00:00,81.0,Stick Season (We'll All Be Here Forever),Noah Kahan,You’re Gonna Go Far,4nHJcUtNSUVjXRnjdP29Bk
Dancin' In The Moonlight (feat. Lauren Alaina)Chris Lane,28,,,,Lauren Alaina,199000.0,2022-05-20 00:00:00,53.0,,Chris Lane,Dancin' In The Moonlight (feat. Lauren Alaina),1L0O1FRgee0LRZCtA1O6uA
Never Been OverDarius Rucker,,28,,,Jennifer Nettles,205466.0,2024-04-26 00:00:00,38.0,,Darius Rucker,Never Been Over,5CfsbLLaJ6GGzEuRjYFRhT
Cruel SummerTaylor Swift,,,28,,,178426.0,2019-08-23 00:00:00,88.0,Lover,Taylor Swift,Cruel Summer,1BxfuPKGuaTgP7aM0Bbdwr
FeatherSabrina Carpenter,,,,28,,185552.0,2023-03-17 00:00:00,84.0,emails i can’t send fwd:,Sabrina Carpenter,Feather,2Zo1PcszsT9WQ0ANntJbID
Hell of a YearParker McCollum,27,,,,,232653.0,2017-11-10 00:00:00,68.0,Probably Wrong,Parker McCollum,Hell of a Year,2kvlpIO6c9yvKAzk2KF0IS
HOT TO GO!Chappell Roan,,27,,,,184841.0,2023-08-11 00:00:00,82.0,The Rise and Fall of a Midwest Princess,Chappell Roan,HOT TO GO!,4xdBrk0nFZaP54vvZj0yx7
These WallsDua Lipa,,,27,,,217783.0,2024-05-03 00:00:00,72.0,Radical Optimism,Dua Lipa,These Walls,7b6sWLSnbZhSIeqNGrJ4py
HeavenNiall Horan,,,,27,,186043.0,2023-03-10 00:00:00,71.0,The Show,Niall Horan,Heaven,5FQ77Cl1ndljtwwImdtjMy
Remember Him That WayLuke Combs,26,,,,,236055.0,2024-06-14 00:00:00,65.0,Fathers & Sons,Luke Combs,Remember Him That Way,1YvT4ml5LQM8ZYcLvqsAkD
StargazingMyles Smith,,26,,,,172533.0,2024-05-10 00:00:00,86.0,,Myles Smith,Stargazing,3Vr3zh0r7ALn8VLqCiRR10
OmenDisclosure,,,26,,Sam Smith,230250.0,2015-09-25 00:00:00,58.0,Caracal (Deluxe),Disclosure,Omen,4kuPeLqTPXDkPB2injreCw
Overcompensate (edit)Twenty One Pilots,25,,,,,190733.0,2024-02-29 00:00:00,50.0,,Twenty One Pilots,Overcompensate (edit),7kcApwUclbIw9B6MuVmqPc
AnyoneJustin Bieber,,25,,,,190779.0,2021-01-01 00:00:00,70.0,Justice,Justin Bieber,Anyone,2WnAKZefdRHxtBEkRjFOHC
MelissaAllman Brothers Band,,,25,,,235223.0,1972-02-12 00:00:00,61.0,Eat A Peach,Allman Brothers Band,Melissa,30St98Bok3jJmXdkkHVPQe
Lavender GirlCaamp,,,,25,,203546.0,2022-05-20 00:00:00,65.0,Lavender Days,Caamp,Lavender Girl,1oWnDC5OoMPPosVY2cdXgT
Slow It DownBenson Boone,24,,,,,161831.0,2024-03-21 00:00:00,86.0,Fireworks & Rollerblades,Benson Boone,Slow It Down,51eSHglvG1RJXtL3qI5trr
The Lion Sleeps Tonight (Wimoweh)The Tokens,,24,,,,162093.0,1994-07-29 00:00:00,60.0,The Lion Sleeps Tonight,The Tokens,The Lion Sleeps Tonight (Wimoweh),2F4FNcz68howQWD4zaGJSi
I Know Places (Taylor's Version)Taylor Swift,,,24,,,195700.0,2023-10-26 00:00:00,63.0,1989 (Taylor's Version),Taylor Swift,I Know Places (Taylor's Version),2f0GI2ZLUtbGqFx8t2Gk6A
Lies Lies LiesMorgan Wallen,23,,,,,198068.0,2024-07-05 00:00:00,80.0,,Morgan Wallen,Lies Lies Lies,7Fzl7QaTu47WyP9R5S5mh5
FavouriteFontaines D.C.,,23,,,,256066.0,2024-06-18 00:00:00,69.0,Romance,Fontaines D.C.,Favourite,27w0RH5IDt6xU3B2j7QOuy
She Moves In Her Own WayThe Kooks,,,23,,,169306.0,2006-01-01 00:00:00,56.0,Inside In / Inside Out,The Kooks,She Moves In Her Own Way,2SGBEDwsOAOAHrrdAd304i
Turn the Lights Back OnBilly Joel,,,,23,,238939.0,2024-02-01 00:00:00,56.0,,Billy Joel,Turn the Lights Back On,1KTemUlHzS0SvVtTjY1NTw
Tattoo on a SunburnLuke Combs,22,,,,,225693.0,2023-03-24 00:00:00,54.0,Gettin' Old,Luke Combs,Tattoo on a Sunburn,0V75hy6x3cToema5BdJaj9
Let's Go - Alok RemixKey Glock,,22,,,Alok,158145.0,2024-03-29 00:00:00,33.0,,Key Glock,Let's Go - Alok Remix,6FyWLxwCe1d1Fik2PZ3bGp
Walking on Broken GlassAnnie Lennox,,,22,,,253295.0,1992-04-02 00:00:00,63.0,,Annie Lennox,Walking on Broken Glass,4CcSw8wQAHYf4XNckayPoc
At The Risk Of Feeling DumbTwenty One Pilots,21,,,,,203853.0,2024-05-24 00:00:00,64.0,Clancy,Twenty One Pilots,At The Risk Of Feeling Dumb,0ZucyPms79Cydv0RMYV2Oi
Pink SkiesZach Bryan,,21,,,,194920.0,2024-05-24 00:00:00,84.0,,Zach Bryan,Pink Skies,4ZJ4vzLQekI0WntDbanNC7
Please Please PleaseSabrina Carpenter,10,,21,2,,186365.0,2024-06-06 00:00:00,86.0,Short n' Sweet,Sabrina Carpenter,Please Please Please,2tHwzyyOLoWSFqYNjeVMzj
Love Me Like YouLittle Mix,,,,21,,197786.0,2015-11-06 00:00:00,73.0,Get Weird (Expanded Edition),Little Mix,Love Me Like You,6L2uVVPJA9WcDc7zCZ4DHN
Losers (Feat. Jelly Roll)Post Malone,20,,,,Jelly Roll,209038.0,2024-08-15 00:00:00,74.0,F-1 Trillion,Post Malone,Losers (Feat. Jelly Roll),0gucUyFMFRMlUiVn9US4YX
The AnthemGood Charlotte,,20,,,,175093.0,2002-10-04 00:00:00,74.0,The Young and The Hopeless,Good Charlotte,The Anthem,0BRHnOFm6sjxN1i9LJrUDu
Me & Mr JonesAmy Winehouse,,,20,,,153173.0,2006-01-01 00:00:00,66.0,Back To Black (Deluxe Edition),Amy Winehouse,Me & Mr Jones,0RfzQhbvtn5lOaKdhpAni7
Out Of My MindTrousdale,,,,20,,281640.0,2023-09-15 00:00:00,34.0,Out Of My Mind,Trousdale,Out Of My Mind,3ZTZiH8eOtaUPrEW4KxtOB
Man Made A Bar (feat. Eric Church)Morgan Wallen,19,,,,Eric Church,191231.0,2023-03-03 00:00:00,74.0,One Thing At A Time,Morgan Wallen,Man Made A Bar (feat. Eric Church),73zawW1ttszLRgT9By826D
body bag (feat. YUNGBLUD & Bert McCracken of The Used)mgk,,19,,,YUNGBLUD,170074.0,2020-09-29 00:00:00,59.0,Tickets To My Downfall (SOLD OUT Deluxe),mgk,body bag (feat. YUNGBLUD & Bert McCracken of The Used),0NZrY7Lc9g6V03hxRpfToV
Gonna Find OutKate Hudson,,,19,,,210548.0,2024-04-17 00:00:00,39.0,Glorious,Kate Hudson,Gonna Find Out,7cpO6k2ZEjCxENNzdEUmxE
My Boy Only Breaks His Favorite ToysTaylor Swift,,,8,19,,203801.0,2024-04-18 00:00:00,73.0,THE TORTURED POETS DEPARTMENT,Taylor Swift,My Boy Only Breaks His Favorite Toys,7uGYWMwRy24dm7RUDDhUlD
TreadmillKnox,18,,,,,193262.0,2024-06-28 00:00:00,47.0,,Knox,Treadmill,0ewQUWupKrDmYFhhiyjqaA
Thank God & Jimmy BuffettPitbull,,18,,,,152121.0,2024-02-16 00:00:00,40.0,Trackhouse (Daytona 500 Edition),Pitbull,Thank God & Jimmy Buffett,4faNMjNcWITplikCBbhK5z
Sweet Talkin' WomanElectric Light Orchestra,,,18,,,229866.0,1972-01-01 00:00:00,61.0,Out of the Blue,Electric Light Orchestra,Sweet Talkin' Woman,0xAhbD6lCf5re1RXl5yiTm
Set Fire to the RainAdele,,,,18,,242973.0,2011-01-24 00:00:00,78.0,21,Adele,Set Fire to the Rain,73CMRj62VK8nUS4ezD2wvi
Snap BackTwenty One Pilots,17,,,,,210266.0,2024-05-24 00:00:00,63.0,Clancy,Twenty One Pilots,Snap Back,5QPGnFslbDUQ7mDteKn3By
Larger Than LifeBackstreet Boys,,17,,,,232826.0,1999-05-18 00:00:00,69.0,Millennium,Backstreet Boys,Larger Than Life,6sbXGUn9V9ZaLwLdOfpKRE
You’re Losing Me (From The Vault)Taylor Swift,,,17,,,277831.0,2023-11-29 00:00:00,75.0,,Taylor Swift,You’re Losing Me (From The Vault),3CWq0pAKKTWb0K4yiglDc4
Lie To GirlsSabrina Carpenter,,,,17,,202001.0,2024-08-23 00:00:00,72.0,Short n' Sweet,Sabrina Carpenter,Lie To Girls,5il0jwWUlvgtIzWvzJi12z
Things I Take For GrantedLarry Fleet,16,,,,,206929.0,2023-09-01 00:00:00,60.0,Earned It,Larry Fleet,Things I Take For Granted,646GpXko7gJumzUQxVkYvG
Bump HeadsEminem,,16,,,Tony Yayo,281457.0,2022-05-26 00:00:00,62.0,The Eminem Show (Expanded Edition),Eminem,Bump Heads,4OYGHze5MiMkgozardIRxU
Kill BillSZA,,,16,,,153946.0,2022-12-08 00:00:00,85.0,SOS,SZA,Kill Bill,1Qrg8KqiBpW07V7PNxwwwL
Pieces Of MeAshlee Simpson,,,,16,,216560.0,2004-01-01 00:00:00,56.0,Autobiography,Ashlee Simpson,Pieces Of Me,7yXibbAYi4to5oQTeO738f
Pour Me A Drink (Feat. Blake Shelton)Post Malone,15,,15,,Blake Shelton,195122.0,2024-06-21 00:00:00,73.0,F-1 Trillion,Post Malone,Pour Me A Drink (Feat. Blake Shelton),0mNzElhEofvgMWAJoOA4q9
"F*CK YOU, GOODBYE (feat. Machine Gun Kelly)The Kid LAROI",,15,,,mgk,144860.0,2021-07-27 00:00:00,66.0,F*CK LOVE 3+: OVER YOU,The Kid LAROI,"F*CK YOU, GOODBYE (feat. Machine Gun Kelly)",0c34ovpXiMWWUbKX0IavIH
Modern Love - 2018 RemasterDavid Bowie,,,,15,,288339.0,1983-04-14 00:00:00,68.0,Let's Dance (2018 Remaster),David Bowie,Modern Love - 2018 Remaster,3gxEZXUjrNbl3TlSrTGbR5
Austin (Boots Stop Workin')Dasha,14,,,,,171782.0,2023-11-16 00:00:00,84.0,What Happens Now?,Dasha,Austin (Boots Stop Workin'),2uqYupMHANxnwgeiXTZXzd
Heavy EyesZach Bryan,,14,,,,190780.0,2022-05-20 00:00:00,70.0,American Heartbreak,Zach Bryan,Heavy Eyes,2gJj6WtAxXjApMs3PXsCeX
This Old Heart Of Mine (Is Weak For You)The Isley Brothers,,,14,,,172733.0,1966-01-01 00:00:00,63.0,This Old Heart Of Mine,The Isley Brothers,This Old Heart Of Mine (Is Weak For You),5c33j1xFVOL4G24zxYhssB
UnwrittenNatasha Bedingfield,,,,14,,259333.0,2004-08-30 00:00:00,85.0,Unwritten,Natasha Bedingfield,Unwritten,3U5JVgI2x4rDyHGObzJfNf
The Craving - single versionTwenty One Pilots,13,,,,,173866.0,2024-05-22 00:00:00,61.0,,Twenty One Pilots,The Craving - single version,0S7lkKStHgfgjgwSFOvRNA
Texas Longhorn (Sec Version)Django Walker,,13,,,,214333.0,2024-08-23 00:00:00,23.0,,Django Walker,Texas Longhorn (Sec Version),2yHWujUjFyZw5VSc5jz0Ax
Murder On The DancefloorSophie Ellis-Bextor,,,13,,,230013.0,2001-01-01 00:00:00,80.0,Read My Lips (Deluxe Version),Sophie Ellis-Bextor,Murder On The Dancefloor,4tKGFmENO69tZR9ahgZu48
JunoSabrina Carpenter,,,,13,,223192.0,2024-08-23 00:00:00,85.0,Short n' Sweet,Sabrina Carpenter,Juno,21B4gaTWnTkuSh77iWEXdS
Loving You EasyZac Brown Band,,12,,,,155653.0,2015-04-28 00:00:00,57.0,JEKYLL + HYDE,Zac Brown Band,Loving You Easy,5mhW03yGpDpkYHs9aZaxSE
Nobody Gets MeSZA,,,12,,,180853.0,2022-12-08 00:00:00,86.0,SOS,SZA,Nobody Gets Me,5Y35SjAfXjjG0sFQ3KOxmm
Hide My Gun (Feat. HARDY)Post Malone,11,,,,HARDY,220479.0,2024-08-15 00:00:00,64.0,F-1 Trillion,Post Malone,Hide My Gun (Feat. HARDY),6nf4oqFOsVKLwJPEliYVwT
Lonely Road (with Jelly Roll)mgk,,11,,,Jelly Roll,189356.0,2024-07-26 00:00:00,75.0,Beautifully Broken (Pickin’ Up The Pieces),mgk,Lonely Road (with Jelly Roll),3Rfre3qkrhwdZZ7dyznwbN
Easy to LoveCouch,,,,11,,186841.0,2019-11-27 00:00:00,52.0,,Couch,Easy to Love,0vmjpO0CGinHyDIkUCEnMA
Who Knew (Her Perspective)Darren Waller,,10,,,,188152.0,2024-05-24 00:00:00,17.0,,Darren Waller,Who Knew (Her Perspective),5gQe68WeqEDN5AxRnorYWB
AppleCharli xcx,,,10,,,151739.0,2024-06-07 00:00:00,82.0,BRAT,Charli xcx,Apple,19RybK6XDbAVpcdxSbZL1o
"So Long, LondonTaylor Swift",,,,10,,262974.0,2024-04-18 00:00:00,72.0,THE TORTURED POETS DEPARTMENT,Taylor Swift,"So Long, London",7wAkQFShJ27V8362MqevQr
Routines In The NightTwenty One Pilots,9,,,,,202600.0,2024-05-24 00:00:00,72.0,Clancy,Twenty One Pilots,Routines In The Night,4bDIAWaOBGAAk95nyXI6zJ
LingerThe Cranberries,,9,,,,274706.0,1993-03-01 00:00:00,83.0,"Everybody Else Is Doing It, So Why Can't We?",The Cranberries,Linger,0gEyKnHvgkrkBM6fbeHdwK
I Don't Wanna LieYola,,,9,,,181535.0,2019-12-06 00:00:00,38.0,Walk Through Fire (Deluxe Edition),Yola,I Don't Wanna Lie,6CgsttSWDA2sISZQp1upXK
love is embarrassingOlivia Rodrigo,,,,9,,154516.0,2023-09-08 00:00:00,74.0,GUTS,Olivia Rodrigo,love is embarrassing,26QLJMK8G0M06sk7h7Fkse
Die With A SmileLady Gaga,8,,,,Bruno Mars,251667.0,2024-08-16 00:00:00,100.0,MAYHEM,Lady Gaga,Die With A Smile,2plbrEY59IikOBgBGLjaoe
TexasBigXthaPlug,,8,,,,146133.0,2022-11-25 00:00:00,75.0,AMAR,BigXthaPlug,Texas,7j7ud2oFTJ8BjmeI8bjkQm
Fast Cars And FreedomRascal Flatts,,,,8,,262186.0,2004-01-01 00:00:00,61.0,Feels Like Today,Rascal Flatts,Fast Cars And Freedom,0CKba2KBPP9TFbh5Nf8i4P
Guy For That (Feat. Luke Combs)Post Malone,7,,,,Luke Combs,164011.0,2024-07-26 00:00:00,77.0,F-1 Trillion,Post Malone,Guy For That (Feat. Luke Combs),6StwwqB84sJeLr7tZDTxEX
There’s Your Trouble - Spotify Singles (Live from Spotify House)mgk,,7,,,,191949.0,2024-07-24 00:00:00,49.0,,mgk,There’s Your Trouble - Spotify Singles (Live from Spotify House),3XNThMhQwdrRvPax42wzKQ
Nights On BroadwayBee Gees,,,7,,,271373.0,1975-06-01 00:00:00,55.0,Main Course,Bee Gees,Nights On Broadway,4JjcCdm0RSPuvQWnZyrNkm
AlrightCouch,,,,7,,250105.0,2023-10-06 00:00:00,39.0,,Couch,Alright,60oqOTvo7fKDfIFqRuCwfq
Game NightDJ Heer,,6,,,A.S.M,231682.0,2024-04-18 00:00:00,3.0,,DJ Heer,Game Night,4yFBPn9qd2YApP8m4dRbgg
8TEENKhalid,,,6,,,228600.0,2017-04-27 00:00:00,72.0,American Teen,Khalid,8TEEN,5bgwqaRSS3M8WHWruHgSL5
NavigatingTwenty One Pilots,5,,,,,223106.0,2024-05-24 00:00:00,69.0,Clancy,Twenty One Pilots,Navigating,3gy21TwRSP40aUMwcY7Rtq
Texas LonghornDjango Walker,,5,,,,219557.0,2011-08-26 00:00:00,31.0,,Django Walker,Texas Longhorn,0AXnj2Hhm21Tu0Meltckf4
SpeechlessLady Gaga,,,5,,,270826.0,2009-08-05 00:00:00,53.0,The Fame Monster (Deluxe Edition),Lady Gaga,Speechless,1pWZZfszgiDVIzbQLs50Cy
Somewhere Only We KnowKeane,,,,5,,236160.0,2004-01-01 00:00:00,76.0,Hopes And Fears,Keane,Somewhere Only We Know,0ll8uFnc0nANY35E0Lfxvg
BackslideTwenty One Pilots,4,,,,,180000.0,2024-05-10 00:00:00,68.0,Clancy,Twenty One Pilots,Backslide,6fNaHkjAxP6rI2sZhT7QJn
Heart Of A ChampionNelly,,4,,,Lincoln University Vocal Ensemble,269986.0,2004-11-14 00:00:00,45.0,Sweat,Nelly,Heart Of A Champion,5IsIwEZYogIGgyutqCLwK7
Islands in the StreamDolly Parton,,,4,,Kenny Rogers,249360.0,2009-10-30 00:00:00,68.0,Dolly,Dolly Parton,Islands in the Stream,4mnOVRRXsaqg9Nb041xR8u
dont let me gomgk,,3,,,,173858.0,2024-02-21 00:00:00,63.0,,mgk,dont let me go,2qvGI2uUNgNheWnfxQr25W
Here It Goes AgainMorMor,,,,3,,230984.0,2022-11-04 00:00:00,24.0,Semblance,MorMor,Here It Goes Again,5ENmrKNn9IH3cAXR9EFe4j
VignetteTwenty One Pilots,2,,,,,202133.0,2024-05-24 00:00:00,68.0,Clancy,Twenty One Pilots,Vignette,3sEufjE0ITaW5qhtnW3avv
WHISKEY WHISKEY (feat. Morgan Wallen)Moneybagg Yo,,2,,,Morgan Wallen,161052.0,2024-06-13 00:00:00,70.0,SPEAK NOW,Moneybagg Yo,WHISKEY WHISKEY (feat. Morgan Wallen),7hRLuo4QnzCsjICXUOhTE6
Read your MindSabrina Carpenter,,,2,,,207849.0,2022-07-15 00:00:00,75.0,emails i can't send,Sabrina Carpenter,Read your Mind,4Wos0h9ECU2Z3oJMTQxpbc
